component_order	component	trait_order	trait	trait_label	scaled_ct_score	cumsum_scaled
1	9	1	Alanine_aminotransferase	Alanine aminotransferase	0.0224294509398897	0.0942583461605333
1	9	2	Albumin	Albumin	0.0109373163566581	0.167555304852067
1	9	3	Alkaline_phosphatase	Alkaline phosphatase	0.00309740593888528	0.18416151989994
1	9	4	Apolipoprotein_A	Apolipoprotein A	0.000305676639784022	0.201213740537336
1	9	5	Apolipoprotein_B	Apolipoprotein B	0.00022054626563309	0.20151941717712
1	9	6	Aspartate_aminotransferase	Aspartate aminotransferase	0.00566889869121407	0.178492621208726
1	9	7	AST_ALT_ratio	AST ALT ratio	0.0209135189486324	0.116687797100423
1	9	8	C_reactive_protein	C reactive protein	0.000133439754164217	0.202077763673921
1	9	9	Calcium	Calcium	0.0135160085401464	0.154039296311921
1	9	10	Cholesterol	Cholesterol	0.000161627310672244	0.201916136363249
1	9	11	Creatinine	Creatinine	0.000394362183540088	0.200445989565961
1	9	12	Creatinine_in_urine	Creatinine in urine	0.00184623260567808	0.187258925838825
1	9	13	Cystatin_C	Cystatin C	5.63380516913015e-05	0.202499202575886
1	9	14	Direct_bilirubin	Direct bilirubin	0.000176172920495535	0.201739963442753
1	9	15	eGFR	eGFR	0.000373388787835318	0.200840351749501
1	9	16	Gamma_glutamyltransferase	Gamma glutamyltransferase	0.0164379802628656	0.137601316049055
1	9	17	Glucose	Glucose	0.000699902140107846	0.198713193106556
1	9	18	Glycated_haemoglobin_HbA1c	Glycated haemoglobin HbA1c	0.0016845241730628	0.189105158444503
1	9	19	HDL_cholesterol	HDL cholesterol	0.000727219491416239	0.19798597361514
1	9	20	IGF_1	IGF 1	0.0013165718709389	0.192326908597555
1	9	21	LDL_direct	LDL direct	0.000127927210724351	0.202211203428085
1	9	22	Lipoprotein_A	Lipoprotein A	4.83329091464939e-05	0.202555540627577
1	9	23	Microalbumin_in_urine	Microalbumin in urine	7.03695190011823e-05	0.202428833056885
1	9	24	Non_albumin_protein	Non albumin protein	0.0375386035466702	0.0567197426138632
1	9	25	Phosphate	Phosphate	0.000511873204544163	0.199934116361417
1	9	26	Potassium_in_urine	Potassium in urine	0.00120272366247936	0.194917979534815
1	9	27	SHBG	SHBG	0.00108201693670011	0.196120703197294
1	9	28	Sodium_in_urine	Sodium in urine	0.000783253481145782	0.197202720133994
1	9	29	Testosterone	Testosterone	8.97024180750718e-05	0.20233913063881
1	9	30	Total_bilirubin	Total bilirubin	0.000521021114752731	0.199413095246664
1	9	31	Total_protein	Total protein	0.0567197426138632	0
1	9	32	Triglycerides	Triglycerides	0.00153722597998924	0.190789682617566
1	9	33	Urate	Urate	0.00127449906632081	0.193643480468494
1	9	34	Urea	Urea	8.64359430853837e-06	0.20261966217193
1	9	35	Vitamin_D	Vitamin D	1.57886352065965e-05	0.202603873536724
2	18	1	Alanine_aminotransferase	Alanine aminotransferase	0.00348902063987269	0.147651638803621
2	18	2	Albumin	Albumin	4.85677451435958e-05	0.16081312442485
2	18	3	Alkaline_phosphatase	Alkaline phosphatase	6.94648684414889e-05	0.160629515021138
2	18	4	Apolipoprotein_A	Apolipoprotein A	9.6292372845375e-05	0.160448207399406
2	18	5	Apolipoprotein_B	Apolipoprotein B	0.000192746815443972	0.159967106899504
2	18	6	Aspartate_aminotransferase	Aspartate aminotransferase	0.0121259340127123	0.131741833072044
2	18	7	AST_ALT_ratio	AST ALT ratio	0.0324130791356505	0.0370484580635392
2	18	8	C_reactive_protein	C reactive protein	0.00264688422545077	0.154359156330909
2	18	9	Calcium	Calcium	0.000572268099841698	0.158912041453744
2	18	10	Cholesterol	Cholesterol	3.81952491791605e-07	0.161025269843702
2	18	11	Creatinine	Creatinine	0.00378387171886528	0.143867767084756
2	18	12	Creatinine_in_urine	Creatinine in urine	3.92534609053661e-05	0.160905280270976
2	18	13	Cystatin_C	Cystatin C	0.0224250747648533	0.0694615371991897
2	18	14	Direct_bilirubin	Direct bilirubin	1.48981128481563e-05	0.160981086054389
2	18	15	eGFR	eGFR	0.00321849688741519	0.151140659443494
2	18	16	Gamma_glutamyltransferase	Gamma glutamyltransferase	0.0206708637060846	0.091886611964043
2	18	17	Glucose	Glucose	2.42945462634095e-07	0.161025651796193
2	18	18	Glycated_haemoglobin_HbA1c	Glycated haemoglobin HbA1c	0.00190600089738383	0.15700604055636
2	18	19	HDL_cholesterol	HDL cholesterol	0.000184388968160145	0.160159853714948
2	18	20	IGF_1	IGF 1	0.000257260565939917	0.159484309553586
2	18	21	LDL_direct	LDL direct	5.38652134073973e-06	0.16101721828694
2	18	22	Lipoprotein_A	Lipoprotein A	2.01499367641553e-07	0.161025894741656
2	18	23	Microalbumin_in_urine	Microalbumin in urine	4.35881009821037e-05	0.160861692169994
2	18	24	Non_albumin_protein	Non albumin protein	0.000225536779978898	0.159741570119526
2	18	25	Phosphate	Phosphate	0.0191843574019162	0.112557475670128
2	18	26	Potassium_in_urine	Potassium in urine	1.22367241833268e-05	0.160995984167237
2	18	27	SHBG	SHBG	6.08097643874793e-05	0.160698979889579
2	18	28	Sodium_in_urine	Sodium in urine	8.99739551914328e-06	0.161008220891421
2	18	29	Testosterone	Testosterone	1.72583534508504e-05	0.160963827700938
2	18	30	Total_bilirubin	Total bilirubin	2.66503542123985e-06	0.16102260480828
2	18	31	Total_protein	Total protein	8.50152488867217e-05	0.160544499772251
2	18	32	Triglycerides	Triglycerides	1.92939690572182e-05	0.160944533731881
2	18	33	Urate	Urate	0.00010396471629713	0.160344242683109
2	18	34	Urea	Urea	5.33347708832674e-05	0.160759789653967
2	18	35	Vitamin_D	Vitamin D	0.0370484580635392	0
3	20	1	Alanine_aminotransferase	Alanine aminotransferase	0.00183361472694454	0.141464313015777
3	20	2	Albumin	Albumin	0.00118986487400875	0.148058306911497
3	20	3	Alkaline_phosphatase	Alkaline phosphatase	5.2495610757434e-05	0.154228016874907
3	20	4	Apolipoprotein_A	Apolipoprotein A	0.00102444666945733	0.150437961909503
3	20	5	Apolipoprotein_B	Apolipoprotein B	2.96640720147108e-06	0.154369989209841
3	20	6	Aspartate_aminotransferase	Aspartate aminotransferase	0.0218237851899515	0.0702270746800465
3	20	7	AST_ALT_ratio	AST ALT ratio	0.0362366657041052	0
3	20	8	C_reactive_protein	C reactive protein	0.000657677464141584	0.152285436422002
3	20	9	Calcium	Calcium	0.00118979012399686	0.149248171785506
3	20	10	Cholesterol	Cholesterol	0.000287574838574067	0.153494108298615
3	20	11	Creatinine	Creatinine	0.00443730799200252	0.122026737509121
3	20	12	Creatinine_in_urine	Creatinine in urine	0.00399372153651029	0.130883294835039
3	20	13	Cystatin_C	Cystatin C	0.0170350136206781	0.092050859869998
3	20	14	Direct_bilirubin	Direct bilirubin	4.82562193259102e-05	0.154280512485664
3	20	15	eGFR	eGFR	0.0036822411953374	0.134877016371549
3	20	16	Gamma_glutamyltransferase	Gamma glutamyltransferase	0.00290505544888999	0.138559257566887
3	20	17	Glucose	Glucose	5.75627300487225e-08	0.154377355279412
3	20	18	Glycated_haemoglobin_HbA1c	Glycated haemoglobin HbA1c	0.000550994412470608	0.152943113886144
3	20	19	HDL_cholesterol	HDL cholesterol	6.63819755191829e-05	0.154161634899388
3	20	20	IGF_1	IGF 1	0.00847754479615902	0.109085873490676
3	20	21	LDL_direct	LDL direct	6.61953167395768e-06	0.154363369678167
3	20	22	Lipoprotein_A	Lipoprotein A	2.46084220757361e-06	0.154372955617042
3	20	23	Microalbumin_in_urine	Microalbumin in urine	3.46009731762393e-05	0.15432876870499
3	20	24	Non_albumin_protein	Non albumin protein	0.00179803524536726	0.143297927742721
3	20	25	Phosphate	Phosphate	0.000823027843042134	0.15146240857896
3	20	26	Potassium_in_urine	Potassium in urine	0.00446331922228552	0.117563418286835
3	20	27	SHBG	SHBG	3.07508339752243e-07	0.154377047771072
3	20	28	Sodium_in_urine	Sodium in urine	0.00138082486962894	0.146677482041868
3	20	29	Testosterone	Testosterone	1.6313118224621e-06	0.15437541645925
3	20	30	Total_bilirubin	Total bilirubin	7.03736431398937e-05	0.154091261256248
3	20	31	Total_protein	Total protein	0.000221413519617006	0.153781683137189
3	20	32	Triglycerides	Triglycerides	0.00441924933391596	0.126464045501123
3	20	33	Urate	Urate	8.81645994422649e-05	0.154003096656806
3	20	34	Urea	Urea	0.00158151905377978	0.145095962988089
3	20	35	Vitamin_D	Vitamin D	0.0339904089759413	0.0362366657041052
4	8	1	Alanine_aminotransferase	Alanine aminotransferase	0.011034772059491	0.0502061833741763
4	8	2	Albumin	Albumin	0.0109193634928952	0.0612409554336673
4	8	3	Alkaline_phosphatase	Alkaline phosphatase	0.0246033759673125	0
4	8	4	Apolipoprotein_A	Apolipoprotein A	0.000280138424969414	0.133988477556546
4	8	5	Apolipoprotein_B	Apolipoprotein B	0.00075220326204709	0.130102743802755
4	8	6	Aspartate_aminotransferase	Aspartate aminotransferase	0.00589862330350443	0.111894886094521
4	8	7	AST_ALT_ratio	AST ALT ratio	0.00633180797084853	0.105563078123672
4	8	8	C_reactive_protein	C reactive protein	9.21531823186472e-05	0.135316063736617
4	8	9	Calcium	Calcium	0.00723216280052865	0.0983309153231438
4	8	10	Cholesterol	Cholesterol	0.000223605137778729	0.134772738509255
4	8	11	Creatinine	Creatinine	0.0139695100838861	0.0246033759673125
4	8	12	Creatinine_in_urine	Creatinine in urine	0.000705353763598135	0.130854947064802
4	8	13	Cystatin_C	Cystatin C	0.00924158970780804	0.0721603189265625
4	8	14	Direct_bilirubin	Direct bilirubin	0.00088918121298681	0.129213562589768
4	8	15	eGFR	eGFR	0.0116332973229778	0.0385728860511986
4	8	16	Gamma_glutamyltransferase	Gamma glutamyltransferase	0.0088391144198809	0.0814019086343705
4	8	17	Glucose	Glucose	0.00066377023665579	0.1315603008284
4	8	18	Glycated_haemoglobin_HbA1c	Glycated haemoglobin HbA1c	0.00157393656445732	0.126715988492287
4	8	19	HDL_cholesterol	HDL cholesterol	1.63426779149746e-05	0.135556586216104
4	8	20	IGF_1	IGF 1	0.00161829807751457	0.125097690414772
4	8	21	LDL_direct	LDL direct	0.00064424378686759	0.132224071065056
4	8	22	Lipoprotein_A	Lipoprotein A	0.000217302187696584	0.134996343647033
4	8	23	Microalbumin_in_urine	Microalbumin in urine	7.77195738102382e-05	0.135408216918936
4	8	24	Non_albumin_protein	Non albumin protein	0.000630159863492614	0.132868314851924
4	8	25	Phosphate	Phosphate	0.000923637533024408	0.128289925056744
4	8	26	Potassium_in_urine	Potassium in urine	0.000259513742056594	0.134268615981516
4	8	27	SHBG	SHBG	0.000490002841129956	0.133498474715416
4	8	28	Sodium_in_urine	Sodium in urine	2.58560109189609e-05	0.135530730205185
4	8	29	Testosterone	Testosterone	4.4793712439224e-05	0.135485936492746
4	8	30	Total_bilirubin	Total bilirubin	0.00183860687663732	0.123259083538135
4	8	31	Total_protein	Total protein	0.0080898922688924	0.0902410230542514
4	8	32	Triglycerides	Triglycerides	0.00267341878255278	0.120585664755582
4	8	33	Urate	Urate	0.000244608785682367	0.134528129723572
4	8	34	Urea	Urea	0.00279215535755642	0.117793509398025
4	8	35	Vitamin_D	Vitamin D	0.000102417901887007	0.13521364583473
5	3	1	Alanine_aminotransferase	Alanine aminotransferase	0.001520149349506	0.079511193461117
5	3	2	Albumin	Albumin	4.45364559167854e-06	0.0919874656529251
5	3	3	Alkaline_phosphatase	Alkaline phosphatase	0.00154829819114863	0.0779628952699684
5	3	4	Apolipoprotein_A	Apolipoprotein A	0.0048639661723127	0.0652864348333442
5	3	5	Apolipoprotein_B	Apolipoprotein B	0.000303517626767534	0.0904370775811572
5	3	6	Aspartate_aminotransferase	Aspartate aminotransferase	0.000410667043323086	0.0893301290082401
5	3	7	AST_ALT_ratio	AST ALT ratio	0.00138321135368011	0.081031342810623
5	3	8	C_reactive_protein	C reactive protein	0.00128676152112628	0.0824145541643031
5	3	9	Calcium	Calcium	3.00551833626121e-05	0.0919345062400467
5	3	10	Cholesterol	Cholesterol	0.00177048889141268	0.0761924063785557
5	3	11	Creatinine	Creatinine	0.000435507877048348	0.0884803878756601
5	3	12	Creatinine_in_urine	Creatinine in urine	0.000354649162627838	0.0897407960515632
5	3	13	Cystatin_C	Cystatin C	0.000887717088778337	0.0845924479858188
5	3	14	Direct_bilirubin	Direct bilirubin	0.000341632366966209	0.090095445214191
5	3	15	eGFR	eGFR	0.000414233255531691	0.0889158957527084
5	3	16	Gamma_glutamyltransferase	Gamma glutamyltransferase	0.000866053390970322	0.0854801650745971
5	3	17	Glucose	Glucose	0.000564659105904162	0.0879157287697559
5	3	18	Glycated_haemoglobin_HbA1c	Glycated haemoglobin HbA1c	0.000891132300389395	0.0837013156854294
5	3	19	HDL_cholesterol	HDL cholesterol	0.008235693725017	0.0510311696895794
5	3	20	IGF_1	IGF 1	3.97865922740806e-05	0.091825515421727
5	3	21	LDL_direct	LDL direct	0.000860340293693138	0.0863462184655674
5	3	22	Lipoprotein_A	Lipoprotein A	0.000242991282410048	0.0912882582810179
5	3	23	Microalbumin_in_urine	Microalbumin in urine	1.01481701822388e-05	0.0919773174827428
5	3	24	Non_albumin_protein	Non albumin protein	3.0192972098086e-05	0.0919043132679486
5	3	25	Phosphate	Phosphate	3.90112539474985e-05	0.0918653020140011
5	3	26	Potassium_in_urine	Potassium in urine	9.51987825814776e-05	0.0917303166391456
5	3	27	SHBG	SHBG	0.0510311696895794	0
5	3	28	Sodium_in_urine	Sodium in urine	0.00029544764703602	0.0907405952079248
5	3	29	Testosterone	Testosterone	0.00371965800683281	0.0701504010056569
5	3	30	Total_bilirubin	Total bilirubin	0.000709170010495332	0.0872065587592606
5	3	31	Total_protein	Total protein	1.27560593335449e-05	0.0919645614234093
5	3	32	Triglycerides	Triglycerides	0.00601957141874782	0.0592668634145964
5	3	33	Urate	Urate	0.00232234736606599	0.0738700590124897
5	3	34	Urea	Urea	0.000252215426057145	0.0910360428549608
5	3	35	Vitamin_D	Vitamin D	0.000199067075717586	0.091531249563428
6	6	1	Alanine_aminotransferase	Alanine aminotransferase	0.00354915443144633	0.0620001202081519
6	6	2	Albumin	Albumin	0.000987110363106707	0.0757886031943121
6	6	3	Alkaline_phosphatase	Alkaline phosphatase	0.0385065011336631	0
6	6	4	Apolipoprotein_A	Apolipoprotein A	0.00872489203140708	0.0385065011336631
6	6	5	Apolipoprotein_B	Apolipoprotein B	0.000574288870156316	0.0780999731142621
6	6	6	Aspartate_aminotransferase	Aspartate aminotransferase	0.00222251218499851	0.0655492746395983
6	6	7	AST_ALT_ratio	AST ALT ratio	0.00179602544743152	0.0677717868245968
6	6	8	C_reactive_protein	C reactive protein	0.00152415882983351	0.0728949414242624
6	6	9	Calcium	Calcium	0.00155330358268474	0.0713416378415777
6	6	10	Cholesterol	Cholesterol	0.000719519666856846	0.0767757135574188
6	6	11	Creatinine	Creatinine	7.91324998062808e-07	0.0803542543627458
6	6	12	Creatinine_in_urine	Creatinine in urine	2.47513831145538e-05	0.0802178108814168
6	6	13	Cystatin_C	Cystatin C	0.000303771020344179	0.0786742619844184
6	6	14	Direct_bilirubin	Direct bilirubin	2.41804872545874e-05	0.0802425622645314
6	6	15	eGFR	eGFR	2.28407367013544e-07	0.0803550456877438
6	6	16	Gamma_glutamyltransferase	Gamma glutamyltransferase	0.00609298922440899	0.0559071309837429
6	6	17	Glucose	Glucose	1.13572580598076e-05	0.0803344928482031
6	6	18	Glycated_haemoglobin_HbA1c	Glycated haemoglobin HbA1c	1.58289676950396e-05	0.0802874921195497
6	6	19	HDL_cholesterol	HDL cholesterol	0.0086757378186728	0.0472313931650701
6	6	20	IGF_1	IGF 1	0.000263858572164891	0.0789780330047626
6	6	21	LDL_direct	LDL direct	8.40425648288001e-06	0.0803458501062629
6	6	22	Lipoprotein_A	Lipoprotein A	1.55844358768098e-05	0.0803189084123263
6	6	23	Microalbumin_in_urine	Microalbumin in urine	1.5587325081568e-05	0.0803033210872447
6	6	24	Non_albumin_protein	Non albumin protein	0.000604739889986445	0.0774952332242756
6	6	25	Phosphate	Phosphate	0.000114722330699839	0.0798648838965469
6	6	26	Potassium_in_urine	Potassium in urine	2.07493677637048e-05	0.080266742751786
6	6	27	SHBG	SHBG	0.000175930549194405	0.0792418915769274
6	6	28	Sodium_in_urine	Sodium in urine	0.000108470649984344	0.0799796062272467
6	6	29	Testosterone	Testosterone	0.000130516186046541	0.0797343677105004
6	6	30	Total_bilirubin	Total bilirubin	3.52849059204572e-05	0.0801825259754964
6	6	31	Total_protein	Total protein	0.00177382556954941	0.0695678122720283
6	6	32	Triglycerides	Triglycerides	0.000142568942242198	0.0795917987682582
6	6	33	Urate	Urate	0.00136950294021612	0.0744191002540959
6	6	34	Urea	Urea	0.000173976642136305	0.0794178221261218
6	6	35	Vitamin_D	Vitamin D	9.44490982652903e-05	0.0800880768772311
7	4	1	Alanine_aminotransferase	Alanine aminotransferase	0.000668137176337924	0.0349766823951735
7	4	2	Albumin	Albumin	0.000280164242202583	0.0371810159210871
7	4	3	Alkaline_phosphatase	Alkaline phosphatase	9.32339191338352e-05	0.0380993504942025
7	4	4	Apolipoprotein_A	Apolipoprotein A	0.00112341206799672	0.0338532703271768
7	4	5	Apolipoprotein_B	Apolipoprotein B	0.000222814050656973	0.0377411451313455
7	4	6	Aspartate_aminotransferase	Aspartate aminotransferase	0.000453651562890426	0.0356448195715114
7	4	7	AST_ALT_ratio	AST ALT ratio	0.00030494037932535	0.0368760755417618
7	4	8	C_reactive_protein	C reactive protein	7.6721687749139e-05	0.0383590145537538
7	4	9	Calcium	Calcium	8.70887533003424e-05	0.0381925844133363
7	4	10	Cholesterol	Cholesterol	3.18561555128135e-05	0.0385819324211321
7	4	11	Creatinine	Creatinine	4.25509394984848e-06	0.03868375547079
7	4	12	Creatinine_in_urine	Creatinine in urine	2.44261742393544e-06	0.0386880105647398
7	4	13	Cystatin_C	Cystatin C	6.73978954014132e-06	0.038672520095126
7	4	14	Direct_bilirubin	Direct bilirubin	0.0135733878145495	0.0187103345093315
7	4	15	eGFR	eGFR	1.9083646471487e-06	0.0386904531821638
7	4	16	Gamma_glutamyltransferase	Gamma glutamyltransferase	0.000343219715351062	0.0365328558264107
7	4	17	Glucose	Glucose	6.99378678112605e-06	0.0386655263083449
7	4	18	Glycated_haemoglobin_HbA1c	Glycated haemoglobin HbA1c	0.000135391312199992	0.0379639591820025
7	4	19	HDL_cholesterol	HDL cholesterol	0.00156954800329582	0.032283722323881
7	4	20	IGF_1	IGF 1	7.93413871170769e-05	0.0382796731666367
7	4	21	LDL_direct	LDL direct	3.69077902322409e-05	0.0385450246308999
7	4	22	Lipoprotein_A	Lipoprotein A	4.49558612384831e-06	0.0386792598846662
7	4	23	Microalbumin_in_urine	Microalbumin in urine	7.26438831738703e-06	0.0386582619200275
7	4	24	Non_albumin_protein	Non albumin protein	4.91133237256489e-05	0.0384959113071742
7	4	25	Phosphate	Phosphate	1.09302783023829e-05	0.0386372576290683
7	4	26	Potassium_in_urine	Potassium in urine	1.78364360416592e-08	0.0386955853518517
7	4	27	SHBG	SHBG	0.000279964968055819	0.0374611801632897
7	4	28	Sodium_in_urine	Sodium in urine	1.27819300945263e-06	0.0386923615468109
7	4	29	Testosterone	Testosterone	6.0175065671319e-05	0.0384357362415029
7	4	30	Total_bilirubin	Total bilirubin	0.0187103345093315	0
7	4	31	Total_protein	Total protein	2.34690524233543e-05	0.0386137885766449
7	4	32	Triglycerides	Triglycerides	0.000434384692008857	0.0360984711344019
7	4	33	Urate	Urate	1.00740126568503e-05	0.0386481879073706
7	4	34	Urea	Urea	7.99136445785331e-07	0.0386947862154059
7	4	35	Vitamin_D	Vitamin D	1.14647558555931e-06	0.0386936397398204
8	16	1	Alanine_aminotransferase	Alanine aminotransferase	2.58614980859536e-05	0.0331011076711922
8	16	2	Albumin	Albumin	0.0011278334766275	0.0289059220304684
8	16	3	Alkaline_phosphatase	Alkaline phosphatase	9.41879726110062e-06	0.0331823950808465
8	16	4	Apolipoprotein_A	Apolipoprotein A	0.000166789260593799	0.0322199969264001
8	16	5	Apolipoprotein_B	Apolipoprotein B	4.48242552710616e-05	0.0329787774058857
8	16	6	Aspartate_aminotransferase	Aspartate aminotransferase	0.00217295538403502	0.0177314527151547
8	16	7	AST_ALT_ratio	AST ALT ratio	0.00114263915733484	0.0277632828731336
8	16	8	C_reactive_protein	C reactive protein	0.00450510072773853	0.00471491026429765
8	16	9	Calcium	Calcium	0.00143776947022451	0.0250959703457615
8	16	10	Cholesterol	Cholesterol	1.60580655594941e-05	0.033166337015287
8	16	11	Creatinine	Creatinine	0.000142854588077655	0.0323867861869939
8	16	12	Creatinine_in_urine	Creatinine in urine	0.00471491026429765	0
8	16	13	Cystatin_C	Cystatin C	0.000124546086543853	0.0327877837933408
8	16	14	Direct_bilirubin	Direct bilirubin	1.09782284970819e-06	0.0331957930800001
8	16	15	eGFR	eGFR	0.000168509377727435	0.0320514875486726
8	16	16	Gamma_glutamyltransferase	Gamma glutamyltransferase	6.64475260010785e-05	0.0329123298798846
8	16	17	Glucose	Glucose	0.000429421564955187	0.0316220659837175
8	16	18	Glycated_haemoglobin_HbA1c	Glycated haemoglobin HbA1c	0.00156430876930627	0.0235316615764552
8	16	19	HDL_cholesterol	HDL cholesterol	4.44368774139461e-05	0.0330236016611568
8	16	20	IGF_1	IGF 1	0.00185700619524258	0.0199044080991897
8	16	21	LDL_direct	LDL direct	3.30691326214905e-05	0.0330680385385707
8	16	22	Lipoprotein_A	Lipoprotein A	3.63470502495171e-07	0.0331975152218842
8	16	23	Microalbumin_in_urine	Microalbumin in urine	1.81321212469812e-05	0.03314820489404
8	16	24	Non_albumin_protein	Non albumin protein	0.000126939737696736	0.0326608440556441
8	16	25	Phosphate	Phosphate	2.12357247618682e-05	0.0331269691692782
8	16	26	Potassium_in_urine	Potassium in urine	0.00442230028896034	0.00922001099203617
8	16	27	SHBG	SHBG	1.87285383067268e-07	0.0331978786923867
8	16	28	Sodium_in_urine	Sodium in urine	0.00408914143415822	0.0136423112809965
8	16	29	Testosterone	Testosterone	3.97920189249699e-06	0.0331918138781076
8	16	30	Total_bilirubin	Total bilirubin	6.24319034414961e-07	0.0331968909028498
8	16	31	Total_protein	Total protein	0.000131203280572519	0.0325296407750715
8	16	32	Triglycerides	Triglycerides	0.000597379917097802	0.0310246860666197
8	16	33	Urate	Urate	0.00177024728202291	0.0217614142944323
8	16	34	Urea	Urea	0.000990930559523738	0.0300337555070959
8	16	35	Vitamin_D	Vitamin D	0.00122954305714757	0.026533739815986
9	11	1	Alanine_aminotransferase	Alanine aminotransferase	0.00045091321935099	0.0239172516814223
9	11	2	Albumin	Albumin	0.00346828258143011	0.0151016489638508
9	11	3	Alkaline_phosphatase	Alkaline phosphatase	1.77251476937471e-05	0.027440361268838
9	11	4	Apolipoprotein_A	Apolipoprotein A	0.000884779277888469	0.0217124269345845
9	11	5	Apolipoprotein_B	Apolipoprotein B	0.000186080592933557	0.0261532679119922
9	11	6	Aspartate_aminotransferase	Aspartate aminotransferase	9.60734081218033e-05	0.02696333900784
9	11	7	AST_ALT_ratio	AST ALT ratio	0.000462584349173362	0.023454667332249
9	11	8	C_reactive_protein	C reactive protein	0.000343577860523812	0.0255463346202072
9	11	9	Calcium	Calcium	0.000857461119775967	0.022597206212473
9	11	10	Cholesterol	Cholesterol	0.000115586431674252	0.0267327584532045
9	11	11	Creatinine	Creatinine	4.65399553903832e-05	0.0273300674842109
9	11	12	Creatinine_in_urine	Creatinine in urine	1.56844382909523e-06	0.0274866927932969
9	11	13	Cystatin_C	Cystatin C	1.97147346179309e-06	0.0274847213198351
9	11	14	Direct_bilirubin	Direct bilirubin	0.000126929682360604	0.0264851424743434
9	11	15	eGFR	eGFR	4.56873019958423e-05	0.0273766074396012
9	11	16	Gamma_glutamyltransferase	Gamma glutamyltransferase	5.75269445822636e-05	0.0272725405396286
9	11	17	Glucose	Glucose	0.000390874482876416	0.024766752128551
9	11	18	Glycated_haemoglobin_HbA1c	Glycated haemoglobin HbA1c	0.00193207376028504	0.0185699315452809
9	11	19	HDL_cholesterol	HDL cholesterol	3.20292775282061e-06	0.0274815183920823
9	11	20	IGF_1	IGF 1	0.000388708008779699	0.0251576266114275
9	11	21	LDL_direct	LDL direct	7.15487127097659e-05	0.0271392595680265
9	11	22	Lipoprotein_A	Lipoprotein A	0.000120686296500575	0.026612072156704
9	11	23	Microalbumin_in_urine	Microalbumin in urine	1.34351162880416e-05	0.0274580864165317
9	11	24	Non_albumin_protein	Non albumin protein	0.00682503693431897	0.00827661202953181
9	11	25	Phosphate	Phosphate	6.17322588923545e-05	0.0272108082807362
9	11	26	Potassium_in_urine	Potassium in urine	1.92113911934442e-07	0.027488261237126
9	11	27	SHBG	SHBG	0.00014579396941766	0.0263393485049257
9	11	28	Sodium_in_urine	Sodium in urine	9.99685926250656e-06	0.0274715215328198
9	11	29	Testosterone	Testosterone	7.98471520646917e-05	0.0270594124159618
9	11	30	Total_bilirubin	Total bilirubin	1.80665272409e-05	0.0274222947415971
9	11	31	Total_protein	Total protein	0.0012104216290186	0.0205020053055659
9	11	32	Triglycerides	Triglycerides	0.00827661202953181	0
9	11	33	Urate	Urate	0.000398587227777723	0.0243681649007733
9	11	34	Urea	Urea	0.000263355431261179	0.025889912480731
9	11	35	Vitamin_D	Vitamin D	0.000114994122961176	0.0268483448848788
10	10	1	Alanine_aminotransferase	Alanine aminotransferase	0.000460179370353362	0.01667668270427
10	10	2	Albumin	Albumin	0.00200668451188418	0.0104036585749025
10	10	3	Alkaline_phosphatase	Alkaline phosphatase	0.000309617029986174	0.0174608562233385
10	10	4	Apolipoprotein_A	Apolipoprotein A	0.000467644364452976	0.0162090383398171
10	10	5	Apolipoprotein_B	Apolipoprotein B	4.73860759983813e-05	0.0198405098470335
10	10	6	Aspartate_aminotransferase	Aspartate aminotransferase	0.000303456945105591	0.0177704732533247
10	10	7	AST_ALT_ratio	AST ALT ratio	0.000227246321595856	0.0183205206503185
10	10	8	C_reactive_protein	C reactive protein	0.00750134449521583	0
10	10	9	Calcium	Calcium	0.000961586397488996	0.014261412416685
10	10	10	Cholesterol	Cholesterol	9.93691533746141e-05	0.0192504299667299
10	10	11	Creatinine	Creatinine	0.000323994148715087	0.0171368620746234
10	10	12	Creatinine_in_urine	Creatinine in urine	0.000116023602780785	0.0191344063639491
10	10	13	Cystatin_C	Cystatin C	9.02508621452557e-07	0.019902370936618
10	10	14	Direct_bilirubin	Direct bilirubin	9.38481220000418e-05	0.0193497991201045
10	10	15	eGFR	eGFR	0.000246590451888269	0.0180739301984303
10	10	16	Gamma_glutamyltransferase	Gamma glutamyltransferase	9.29804990899028e-05	0.0194436472421046
10	10	17	Glucose	Glucose	2.58043925506096e-07	0.0199037649856845
10	10	18	Glycated_haemoglobin_HbA1c	Glycated haemoglobin HbA1c	1.01645633053247e-05	0.0198878959230319
10	10	19	HDL_cholesterol	HDL cholesterol	4.9705602372616e-05	0.0196922699841636
10	10	20	IGF_1	IGF 1	0.00290231407968669	0.00750134449521583
10	10	21	LDL_direct	LDL direct	2.29252394397895e-06	0.0198980604863372
10	10	22	Lipoprotein_A	Lipoprotein A	4.91540445093257e-07	0.0199032734452394
10	10	23	Microalbumin_in_urine	Microalbumin in urine	9.41016456922439e-07	0.019901429920161
10	10	24	Non_albumin_protein	Non albumin protein	0.000478430396120717	0.0157306079436963
10	10	25	Phosphate	Phosphate	4.89777298643237e-05	0.0197915321171692
10	10	26	Potassium_in_urine	Potassium in urine	4.95565306329235e-05	0.0197419755865362
10	10	27	SHBG	SHBG	0.000124229523169766	0.0188869486223359
10	10	28	Sodium_in_urine	Sodium in urine	0.000136090819845869	0.01875085780249
10	10	29	Testosterone	Testosterone	1.07690987986144e-06	0.0199003530102812
10	10	30	Total_bilirubin	Total bilirubin	0.000123228218443443	0.0190111781455057
10	10	31	Total_protein	Total protein	9.01102726844661e-05	0.0195366277411945
10	10	32	Triglycerides	Triglycerides	0.00185106932989833	0.0124103430867867
10	10	33	Urate	Urate	0.000203090830575669	0.0185477669719144
10	10	34	Urea	Urea	6.55319702846878e-05	0.0196267380138789
10	10	35	Vitamin_D	Vitamin D	0.000507609129522322	0.015222998814174
11	17	1	Alanine_aminotransferase	Alanine aminotransferase	2.90250034661988e-06	0.0157024339400252
11	17	2	Albumin	Albumin	0.000273243912645787	0.0143409524832639
11	17	3	Alkaline_phosphatase	Alkaline phosphatase	6.29466483104207e-05	0.015503956377083
11	17	4	Apolipoprotein_A	Apolipoprotein A	2.34997059153533e-05	0.0156625444030338
11	17	5	Apolipoprotein_B	Apolipoprotein B	1.99118918384825e-06	0.0157053364403718
11	17	6	Aspartate_aminotransferase	Aspartate aminotransferase	0.000504271122703208	0.0132057392154851
11	17	7	AST_ALT_ratio	AST ALT ratio	0.000300494078644292	0.0140404584046196
11	17	8	C_reactive_protein	C reactive protein	0.000828777434118078	0.0092131186969535
11	17	9	Calcium	Calcium	0.000743654534312072	0.0100418961310716
11	17	10	Cholesterol	Cholesterol	4.1036658145561e-06	0.0156983302742107
11	17	11	Creatinine	Creatinine	2.59227427626701e-07	0.0157118624136184
11	17	12	Creatinine_in_urine	Creatinine in urine	0.00062918937458366	0.0114561110310332
11	17	13	Cystatin_C	Cystatin C	0.000670560365649578	0.0107855506653837
11	17	14	Direct_bilirubin	Direct bilirubin	7.01021973637638e-07	0.0157111613916447
11	17	15	eGFR	eGFR	1.09353889792127e-06	0.0157073276295557
11	17	16	Gamma_glutamyltransferase	Gamma glutamyltransferase	5.19868884249441e-05	0.0155669030253935
11	17	17	Glucose	Glucose	0.000180134001229314	0.0150762043342894
11	17	18	Glycated_haemoglobin_HbA1c	Glycated haemoglobin HbA1c	4.36544892153628e-05	0.0156188899138184
11	17	19	HDL_cholesterol	HDL cholesterol	1.05414587448175e-06	0.0157084211684536
11	17	20	IGF_1	IGF 1	0.000233365767275834	0.0146141963959097
11	17	21	LDL_direct	LDL direct	9.22385232267118e-07	0.0157094753143281
11	17	22	Lipoprotein_A	Lipoprotein A	1.30911202045456e-07	0.0157123139412622
11	17	23	Microalbumin_in_urine	Microalbumin in urine	7.63692084363361e-07	0.0157103976995604
11	17	24	Non_albumin_protein	Non albumin protein	0.000228642171103804	0.0148475621631856
11	17	25	Phosphate	Phosphate	0.00826332463192098	0
11	17	26	Potassium_in_urine	Potassium in urine	0.000949794065032527	0.00826332463192098
11	17	27	SHBG	SHBG	4.6580955276717e-08	0.0157124448524642
11	17	28	Sodium_in_urine	Sodium in urine	0.000330448066431303	0.0137100103381883
11	17	29	Testosterone	Testosterone	0.000115581449908203	0.0153883749271748
11	17	30	Total_bilirubin	Total bilirubin	4.680249010796e-06	0.0156936500251999
11	17	31	Total_protein	Total protein	7.60591625075592e-06	0.0156860441089491
11	17	32	Triglycerides	Triglycerides	0.000132036591656164	0.0152563383355187
11	17	33	Urate	Urate	1.92300216182673e-07	0.015712121641046
11	17	34	Urea	Urea	0.000544779904671012	0.0126609593108141
11	17	35	Vitamin_D	Vitamin D	0.000575658905197229	0.0120853004056169
12	5	1	Alanine_aminotransferase	Alanine aminotransferase	9.6046305489144e-05	0.0146628739267068
12	5	2	Albumin	Albumin	2.36444309612646e-05	0.0151246272349759
12	5	3	Alkaline_phosphatase	Alkaline phosphatase	0.00129367271094031	0.010469618805078
12	5	4	Apolipoprotein_A	Apolipoprotein A	0.00252595817963104	0.00794366062544698
12	5	5	Apolipoprotein_B	Apolipoprotein B	3.15465627513005e-06	0.015281020556289
12	5	6	Aspartate_aminotransferase	Aspartate aminotransferase	5.06491592518848e-05	0.0148858651059215
12	5	7	AST_ALT_ratio	AST ALT ratio	5.31617498803843e-05	0.0148327033560411
12	5	8	C_reactive_protein	C reactive protein	3.62905224715141e-05	0.0149365142651734
12	5	9	Calcium	Calcium	1.47208896387815e-05	0.0152110491917625
12	5	10	Cholesterol	Cholesterol	0.00037117575784762	0.0138542310473238
12	5	11	Creatinine	Creatinine	6.65504274452132e-06	0.0152697534236464
12	5	12	Creatinine_in_urine	Creatinine in urine	1.89695552053703e-05	0.0151920796365571
12	5	13	Cystatin_C	Cystatin C	0.000102287072413939	0.0145605868542929
12	5	14	Direct_bilirubin	Direct bilirubin	0.000578863258242759	0.013275367789081
12	5	15	eGFR	eGFR	9.4309749703119e-06	0.0152530081344629
12	5	16	Gamma_glutamyltransferase	Gamma glutamyltransferase	2.45421935966852e-05	0.0151000850413793
12	5	17	Glucose	Glucose	1.41291613037216e-06	0.0152890211769591
12	5	18	Glycated_haemoglobin_HbA1c	Glycated haemoglobin HbA1c	3.23261318487802e-05	0.0150417428053881
12	5	19	HDL_cholesterol	HDL cholesterol	0.00320070918836397	0.00474295143708301
12	5	20	IGF_1	IGF 1	2.25253656531576e-05	0.0151482716659372
12	5	21	LDL_direct	LDL direct	3.58455502958837e-05	0.0149728047876449
12	5	22	Lipoprotein_A	Lipoprotein A	2.60161041423355e-05	0.0150740689372369
12	5	23	Microalbumin_in_urine	Microalbumin in urine	1.2812526815627e-05	0.0152401956076472
12	5	24	Non_albumin_protein	Non albumin protein	7.37831238451459e-05	0.014758920232196
12	5	25	Phosphate	Phosphate	1.44255262459358e-05	0.0152257700814013
12	5	26	Potassium_in_urine	Potassium in urine	1.91756825605382e-06	0.0152871036087031
12	5	27	SHBG	SHBG	0.00474295143708301	0
12	5	28	Sodium_in_urine	Sodium in urine	4.61208989811503e-06	0.0152764084663909
12	5	29	Testosterone	Testosterone	0.000335180049121454	0.0142254068051714
12	5	30	Total_bilirubin	Total bilirubin	0.000805126251036203	0.0117632915160183
12	5	31	Total_protein	Total protein	2.12826049667847e-05	0.0151707970315904
12	5	32	Triglycerides	Triglycerides	0.000706950022026513	0.0125684177670545
12	5	33	Urate	Urate	3.30924674473626e-05	0.0150086503379408
12	5	34	Urea	Urea	7.31431421319394e-06	0.0152624391094332
12	5	35	Vitamin_D	Vitamin D	2.92839613894801e-06	0.0152841752125641
13	7	1	Alanine_aminotransferase	Alanine aminotransferase	0.000100734849975311	0.00976770560976559
13	7	2	Albumin	Albumin	7.70004899340497e-05	0.0101281794556444
13	7	3	Alkaline_phosphatase	Alkaline phosphatase	0.00191882565168972	0
13	7	4	Apolipoprotein_A	Apolipoprotein A	8.3330038972783e-05	0.0100448494166716
13	7	5	Apolipoprotein_B	Apolipoprotein B	1.19578829996214e-06	0.0105421632373152
13	7	6	Aspartate_aminotransferase	Aspartate aminotransferase	8.80030924021435e-05	0.00995684632426947
13	7	7	AST_ALT_ratio	AST ALT ratio	3.43315994125053e-05	0.0103868863035067
13	7	8	C_reactive_protein	C reactive protein	0.00015664624505853	0.00950723429788084
13	7	9	Calcium	Calcium	0.000228555049797591	0.00889808095880592
13	7	10	Cholesterol	Cholesterol	1.81049299056551e-05	0.0104891071260819
13	7	11	Creatinine	Creatinine	0.00165867009695772	0.00363969164663493
13	7	12	Creatinine_in_urine	Creatinine in urine	4.89647223426223e-05	0.0103379215811641
13	7	13	Cystatin_C	Cystatin C	0.00172086599494521	0.00191882565168972
13	7	14	Direct_bilirubin	Direct bilirubin	4.59578042909919e-09	0.0105443011754626
13	7	15	eGFR	eGFR	0.00148804746175016	0.00529836174359265
13	7	16	Gamma_glutamyltransferase	Gamma glutamyltransferase	8.84058645285739e-05	0.0098684404597409
13	7	17	Glucose	Glucose	2.87142074793515e-06	0.0105392918165673
13	7	18	Glycated_haemoglobin_HbA1c	Glycated haemoglobin HbA1c	7.69751152907979e-05	0.0102051799455785
13	7	19	HDL_cholesterol	HDL cholesterol	5.57665202948601e-05	0.0102821550608692
13	7	20	IGF_1	IGF 1	5.02159198757819e-06	0.0105342702245797
13	7	21	LDL_direct	LDL direct	5.39223609701055e-06	0.0105288779884827
13	7	22	Lipoprotein_A	Lipoprotein A	1.30069018025992e-07	0.0105441711064445
13	7	23	Microalbumin_in_urine	Microalbumin in urine	5.80309075605034e-06	0.0105230748977266
13	7	24	Non_albumin_protein	Non albumin protein	0.000157156415885697	0.00935007788199515
13	7	25	Phosphate	Phosphate	0.000103825066826216	0.00966388054293937
13	7	26	Potassium_in_urine	Potassium in urine	9.97906081000929e-06	0.0105072120559875
13	7	27	SHBG	SHBG	0.000223441873391643	0.0091266360086035
13	7	28	Sodium_in_urine	Sodium in urine	5.88378092912028e-06	0.0105171911167975
13	7	29	Testosterone	Testosterone	3.42188639888849e-05	0.0104212179029192
13	7	30	Total_bilirubin	Total bilirubin	6.78409958618329e-07	0.0105433590256152
13	7	31	Total_protein	Total protein	0.000284498912436347	0.00861358204636957
13	7	32	Triglycerides	Triglycerides	1.33670870743622e-07	0.0105440374355738
13	7	33	Urate	Urate	0.00115688977834964	0.00678640920534281
13	7	34	Urea	Urea	0.000670283062677112	0.00794329898369245
13	7	35	Vitamin_D	Vitamin D	3.36703591737374e-05	0.0104554367669081
14	2	1	Alanine_aminotransferase	Alanine aminotransferase	5.04626516479245e-06	0.00621597708176773
14	2	2	Albumin	Albumin	1.19273927988116e-05	0.0061524558985105
14	2	3	Alkaline_phosphatase	Alkaline phosphatase	8.11788363551823e-06	0.00619498689317494
14	2	4	Apolipoprotein_A	Apolipoprotein A	3.81047844511145e-05	0.00599444774084443
14	2	5	Apolipoprotein_B	Apolipoprotein B	0.00202176341468126	0
14	2	6	Aspartate_aminotransferase	Aspartate aminotransferase	2.56107514136606e-06	0.006232163248563
14	2	7	AST_ALT_ratio	AST ALT ratio	2.9856938803778e-06	0.00622917755468262
14	2	8	C_reactive_protein	C reactive protein	7.7856704231167e-07	0.00623954973888686
14	2	9	Calcium	Calcium	9.65382958520766e-06	0.00618533306358973
14	2	10	Cholesterol	Cholesterol	0.00142349528678734	0.00376552768014174
14	2	11	Creatinine	Creatinine	9.739429296402e-06	0.00617559363429333
14	2	12	Creatinine_in_urine	Creatinine in urine	3.43351939958238e-08	0.00624143751808953
14	2	13	Cystatin_C	Cystatin C	1.1496551370674e-06	0.00623840008374979
14	2	14	Direct_bilirubin	Direct bilirubin	8.8626397413743e-05	0.00590582134343069
14	2	15	eGFR	eGFR	7.11150829034656e-06	0.00620310477681046
14	2	16	Gamma_glutamyltransferase	Gamma glutamyltransferase	1.393726997648e-05	0.00613851862853402
14	2	17	Glucose	Glucose	2.38526767898471e-07	0.00624107032468902
14	2	18	Glycated_haemoglobin_HbA1c	Glycated haemoglobin HbA1c	5.76079666692523e-06	0.0062102162851008
14	2	19	HDL_cholesterol	HDL cholesterol	3.15258512211902e-05	0.00603255252529555
14	2	20	IGF_1	IGF 1	7.42018759849519e-07	0.00624032830592917
14	2	21	LDL_direct	LDL direct	0.00174376426546048	0.00202176341468126
14	2	22	Lipoprotein_A	Lipoprotein A	0.000572707692826342	0.00518902296692909
14	2	23	Microalbumin_in_urine	Microalbumin in urine	1.74838226129778e-06	0.00623665170148849
14	2	24	Non_albumin_protein	Non albumin protein	3.47354107471613e-06	0.0062257040136079
14	2	25	Phosphate	Phosphate	2.11430989290776e-08	0.00624147185328352
14	2	26	Potassium_in_urine	Potassium in urine	7.37310517146533e-09	0.00624149299638245
14	2	27	SHBG	SHBG	2.87610451178491e-05	0.00609508071568182
14	2	28	Sodium_in_urine	Sodium in urine	4.51222170308982e-08	0.0062413923958725
14	2	29	Testosterone	Testosterone	4.68066667538222e-06	0.00622102334693252
14	2	30	Total_bilirubin	Total bilirubin	1.1210342984018e-05	0.00616438329130931
14	2	31	Total_protein	Total protein	1.46768677343466e-05	0.00612384176079967
14	2	32	Triglycerides	Triglycerides	0.000144090683675259	0.00576173065975543
14	2	33	Urate	Urate	1.92737778413093e-06	0.00623472432370436
14	2	34	Urea	Urea	8.35444155770318e-08	0.00624130885145692
14	2	35	Vitamin_D	Vitamin D	3.10023391650883e-05	0.00606407837651674
15	21	1	Alanine_aminotransferase	Alanine aminotransferase	6.23654914983269e-06	0.00147542230745216
15	21	2	Albumin	Albumin	1.44396527660965e-05	0.00142431032765867
15	21	3	Alkaline_phosphatase	Alkaline phosphatase	3.21947984646647e-08	0.00150080913564721
15	21	4	Apolipoprotein_A	Apolipoprotein A	9.84515917095365e-06	0.00145091603800737
15	21	5	Apolipoprotein_B	Apolipoprotein B	5.71633534298777e-07	0.00149905135989039
15	21	6	Aspartate_aminotransferase	Aspartate aminotransferase	3.78185180770917e-05	0.00130519887876626
15	21	7	AST_ALT_ratio	AST ALT ratio	3.64598033633533e-06	0.00149068855775809
15	21	8	C_reactive_protein	C reactive protein	1.62964509307724e-05	0.00139258471599945
15	21	9	Calcium	Calcium	4.53874382799774e-06	0.00148165885660199
15	21	10	Cholesterol	Cholesterol	4.49095732809699e-06	0.00148619760042999
15	21	11	Creatinine	Creatinine	0.000142185747760608	0.000959646600698175
15	21	12	Creatinine_in_urine	Creatinine in urine	7.84254906873444e-07	0.00149676089543651
15	21	13	Cystatin_C	Cystatin C	0.000451735145308289	0.000507911455389886
15	21	14	Direct_bilirubin	Direct bilirubin	6.40729630639968e-08	0.00150074506268415
15	21	15	eGFR	eGFR	0.000124975682081077	0.00110183234845878
15	21	16	Gamma_glutamyltransferase	Gamma glutamyltransferase	7.83908482264046e-05	0.00122680803053986
15	21	17	Glucose	Glucose	8.42884211027197e-07	0.00149591801122549
15	21	18	Glycated_haemoglobin_HbA1c	Glycated haemoglobin HbA1c	1.54291607284395e-05	0.00140888116693023
15	21	19	HDL_cholesterol	HDL cholesterol	1.5834731310629e-06	0.00149433453809442
15	21	20	IGF_1	IGF 1	7.85199913845457e-06	0.00146076119717832
15	21	21	LDL_direct	LDL direct	3.12339473044528e-07	0.00150000395842026
15	21	22	Lipoprotein_A	Lipoprotein A	8.26294698143659e-09	0.00150087412139958
15	21	23	Microalbumin_in_urine	Microalbumin in urine	1.00209758919701e-08	0.00150086410042369
15	21	24	Non_albumin_protein	Non albumin protein	6.45402956323171e-08	0.00150068052238852
15	21	25	Phosphate	Phosphate	2.40661035051379e-05	0.00136851861249432
15	21	26	Potassium_in_urine	Potassium in urine	7.34706706548519e-07	0.00149831665318384
15	21	27	SHBG	SHBG	7.7150284045688e-07	0.00149754515034339
15	21	28	Sodium_in_urine	Sodium in urine	1.2166057582607e-05	0.00143874998042476
15	21	29	Testosterone	Testosterone	3.80964995564737e-07	0.00149962299342469
15	21	30	Total_bilirubin	Total bilirubin	2.27699780081702e-08	0.00150084133044568
15	21	31	Total_protein	Total protein	6.80911113538223e-06	0.00146861319631678
15	21	32	Triglycerides	Triglycerides	2.55012156509604e-05	0.00134301739684336
15	21	33	Urate	Urate	2.72075927177102e-07	0.0015003162978933
15	21	34	Urea	Urea	9.21485680398646e-08	0.00150058837382048
15	21	35	Vitamin_D	Vitamin D	0.000507911455389886	0
16	25	1	Alanine_aminotransferase	Alanine aminotransferase	2.14528998357975e-07	0.00137394730092859
16	25	2	Albumin	Albumin	1.40533248955638e-06	0.00136800988327597
16	25	3	Alkaline_phosphatase	Alkaline phosphatase	1.06681322022685e-08	0.00137482223497032
16	25	4	Apolipoprotein_A	Apolipoprotein A	1.61405011627217e-06	0.00136480085208225
16	25	5	Apolipoprotein_B	Apolipoprotein B	9.37632331396985e-07	0.00137066707393363
16	25	6	Aspartate_aminotransferase	Aspartate aminotransferase	4.10248633422543e-06	0.00135059655258689
16	25	7	AST_ALT_ratio	AST ALT ratio	5.95117451601653e-06	0.00133873040671988
16	25	8	C_reactive_protein	C reactive protein	1.89514293146758e-06	0.00136105275754296
16	25	9	Calcium	Calcium	3.07220643932776e-07	0.00137364008028466
16	25	10	Cholesterol	Cholesterol	2.37370928682378e-09	0.00137483583378939
16	25	11	Creatinine	Creatinine	8.02458777806431e-08	0.00137453918244443
16	25	12	Creatinine_in_urine	Creatinine in urine	1.25185816810274e-06	0.00136941521576552
16	25	13	Cystatin_C	Cystatin C	3.9579415061071e-07	0.001372890552302
16	25	14	Direct_bilirubin	Direct bilirubin	3.53733832046741e-07	0.00137328634645261
16	25	15	eGFR	eGFR	1.80515539338836e-08	0.00137478658139678
16	25	16	Gamma_glutamyltransferase	Gamma glutamyltransferase	2.0877665052801e-07	0.00137416182992695
16	25	17	Glucose	Glucose	0.00105609071647756	0
16	25	18	Glycated_haemoglobin_HbA1c	Glycated haemoglobin HbA1c	0.000261049641042955	0.00105609071647756
16	25	19	HDL_cholesterol	HDL cholesterol	6.51982243205958e-08	0.00137468820928227
16	25	20	IGF_1	IGF 1	1.59498107744338e-06	0.00136641490219852
16	25	21	LDL_direct	LDL direct	1.0299767408785e-09	0.00137484023128
16	25	22	Lipoprotein_A	Lipoprotein A	3.3173890189392e-08	0.00137475340750659
16	25	23	Microalbumin_in_urine	Microalbumin in urine	1.76020196069707e-08	0.00137480463295072
16	25	24	Non_albumin_protein	Non albumin protein	4.01133223489986e-07	0.00137248941907851
16	25	25	Phosphate	Phosphate	1.46592515751908e-05	0.00131714035752052
16	25	26	Potassium_in_urine	Potassium in urine	2.82601720593965e-06	0.00135822674033702
16	25	27	SHBG	SHBG	6.87809600606623e-08	0.00137461942832221
16	25	28	Sodium_in_urine	Sodium in urine	6.93079762417382e-06	0.00133179960909571
16	25	29	Testosterone	Testosterone	3.527701415906e-06	0.00135469903892111
16	25	30	Total_bilirubin	Total bilirubin	8.8471281348709e-07	0.00137160470626502
16	25	31	Total_protein	Total protein	2.93068686888352e-09	0.00137483290310253
16	25	32	Triglycerides	Triglycerides	1.68575866955602e-07	0.00137437060657748
16	25	33	Urate	Urate	2.02378131711225e-09	0.00137483820749868
16	25	34	Urea	Urea	1.85295160782483e-06	0.00136294790047443
16	25	35	Vitamin_D	Vitamin D	5.91497135098803e-06	0.0013446815812359
17	14	1	Alanine_aminotransferase	Alanine aminotransferase	1.6562567310502e-06	0.00127696604415975
17	14	2	Albumin	Albumin	7.33565938544443e-05	0.000953077819076986
17	14	3	Alkaline_phosphatase	Alkaline phosphatase	3.4564190762028e-06	0.0012679369816865
17	14	4	Apolipoprotein_A	Apolipoprotein A	7.67303607775722e-06	0.00123883605638787
17	14	5	Apolipoprotein_B	Apolipoprotein B	3.34936581515511e-06	0.0012713934007627
17	14	6	Aspartate_aminotransferase	Aspartate aminotransferase	4.21179520751745e-07	0.00128404631733323
17	14	7	AST_ALT_ratio	AST ALT ratio	1.50529491026465e-06	0.00128013265236505
17	14	8	C_reactive_protein	C reactive protein	1.41158972519619e-10	0.0012856182236076
17	14	9	Calcium	Calcium	1.6544483048969e-05	0.0011753156051747
17	14	10	Cholesterol	Cholesterol	2.22327758188771e-06	0.00127474276657786
17	14	11	Creatinine	Creatinine	1.39568070028322e-05	0.00119186008822367
17	14	12	Creatinine_in_urine	Creatinine in urine	1.11227023321843e-05	0.00121928743519785
17	14	13	Cystatin_C	Cystatin C	1.2716946019351e-06	0.00128163794727531
17	14	14	Direct_bilirubin	Direct bilirubin	3.52605332133542e-07	0.00128483554235502
17	14	15	eGFR	eGFR	1.34705399713491e-05	0.0012058168952265
17	14	16	Gamma_glutamyltransferase	Gamma glutamyltransferase	2.97197889441805e-05	0.00114559581623052
17	14	17	Glucose	Glucose	6.90844917725036e-05	0.00102643441293143
17	14	18	Glycated_haemoglobin_HbA1c	Glycated haemoglobin HbA1c	0.000179750317747788	0.000580609462086324
17	14	19	HDL_cholesterol	HDL cholesterol	4.00288819612419e-11	0.00128561836476657
17	14	20	IGF_1	IGF 1	0.000580609462086324	0
17	14	21	LDL_direct	LDL direct	3.14510795703805e-07	0.00128518814768715
17	14	22	Lipoprotein_A	Lipoprotein A	9.0905928176484e-08	0.00128550265848286
17	14	23	Microalbumin_in_urine	Microalbumin in urine	1.51035147425065e-06	0.0012786223008908
17	14	24	Non_albumin_protein	Non albumin protein	5.00769115265882e-05	0.00109551890470393
17	14	25	Phosphate	Phosphate	3.68045501038112e-07	0.00128446749685398
17	14	26	Potassium_in_urine	Potassium in urine	8.4259188578318e-06	0.00123041013753004
17	14	27	SHBG	SHBG	2.46591965635544e-08	0.00128559356441103
17	14	28	Sodium_in_urine	Sodium in urine	5.56398293546844e-06	0.00125376598323203
17	14	29	Testosterone	Testosterone	4.3472520116389e-06	0.0012593299661675
17	14	30	Total_bilirubin	Total bilirubin	6.96513978837667e-07	0.00128290964187725
17	14	31	Total_protein	Total protein	4.40161477144175e-07	0.00128360615585608
17	14	32	Triglycerides	Triglycerides	8.79230526380114e-05	0.000865154766438974
17	14	33	Urate	Urate	0.000104794986604862	0.000760359779834112
17	14	34	Urea	Urea	7.25689076640854e-06	0.00124650909246563
17	14	35	Vitamin_D	Vitamin D	4.25976350735844e-06	0.00126367721817914
18	24	1	Alanine_aminotransferase	Alanine aminotransferase	1.08398696187945e-07	0.000700880959997837
18	24	2	Albumin	Albumin	1.08685445798528e-05	0.000657445524700915
18	24	3	Alkaline_phosphatase	Alkaline phosphatase	1.68190534548208e-08	0.000701362966095766
18	24	4	Apolipoprotein_A	Apolipoprotein A	8.37100943994565e-11	0.00070138057031679
18	24	5	Apolipoprotein_B	Apolipoprotein B	1.00623598119166e-07	0.000701096358199918
18	24	6	Aspartate_aminotransferase	Aspartate aminotransferase	5.82214518419472e-07	0.000698792523969554
18	24	7	AST_ALT_ratio	AST ALT ratio	1.31429453698387e-06	0.00069747822943257
18	24	8	C_reactive_protein	C reactive protein	2.24671118161621e-07	0.000700544957691677
18	24	9	Calcium	Calcium	2.01671384802482e-05	0.000637278386220667
18	24	10	Cholesterol	Cholesterol	3.22339414908924e-08	0.000701265052177385
18	24	11	Creatinine	Creatinine	1.60257429224632e-06	0.000694282708392655
18	24	12	Creatinine_in_urine	Creatinine in urine	4.03746358623619e-06	0.000674300235132649
18	24	13	Cystatin_C	Cystatin C	2.23638456341723e-06	0.000684113593125797
18	24	14	Direct_bilirubin	Direct bilirubin	2.12852790224344e-08	0.000701324175271935
18	24	15	eGFR	eGFR	1.59294674766823e-06	0.000695885282684902
18	24	16	Gamma_glutamyltransferase	Gamma glutamyltransferase	6.80703793479049e-08	0.000701196981798037
18	24	17	Glucose	Glucose	2.0761277923376e-06	0.000686349977689214
18	24	18	Glycated_haemoglobin_HbA1c	Glycated haemoglobin HbA1c	2.41153895492203e-07	0.000700077748158989
18	24	19	HDL_cholesterol	HDL cholesterol	3.92331891751255e-07	0.000699374738487973
18	24	20	IGF_1	IGF 1	3.30002543365907e-06	0.000678337698718885
18	24	21	LDL_direct	LDL direct	2.68891530590755e-08	0.000701297286118876
18	24	22	Lipoprotein_A	Lipoprotein A	7.85167568779563e-10	0.000701379785149221
18	24	23	Microalbumin_in_urine	Microalbumin in urine	3.10677779264323e-07	0.000699767070379725
18	24	24	Non_albumin_protein	Non albumin protein	1.11331187998025e-07	0.000700769628809838
18	24	25	Phosphate	Phosphate	1.84437580919063e-06	0.000692438332583465
18	24	26	Potassium_in_urine	Potassium in urine	2.01226242745897e-06	0.000688426105481552
18	24	27	SHBG	SHBG	4.03759042068742e-05	0.000596902482013793
18	24	28	Sodium_in_urine	Sodium in urine	1.75055448088687e-08	0.000701345460550958
18	24	29	Testosterone	Testosterone	0.000531699316279322	0
18	24	30	Total_bilirubin	Total bilirubin	1.06999505893734e-07	0.000700989358694024
18	24	31	Total_protein	Total protein	5.98616585188086e-06	0.000668314069280768
18	24	32	Triglycerides	Triglycerides	2.26055637195785e-07	0.000700318902054481
18	24	33	Urate	Urate	2.47586897325278e-06	0.000681637724152544
18	24	34	Urea	Urea	6.52031657344713e-05	0.000531699316279322
18	24	35	Vitamin_D	Vitamin D	1.99996467445406e-06	0.000690438367909011
19	12	1	Alanine_aminotransferase	Alanine aminotransferase	1.70282761890291e-05	0.000483930052645258
19	12	2	Albumin	Albumin	6.62908920407426e-07	0.000570310865131997
19	12	3	Alkaline_phosphatase	Alkaline phosphatase	2.0336964548606e-06	0.000559976417638018
19	12	4	Apolipoprotein_A	Apolipoprotein A	3.47702049311595e-06	0.000549869804870049
19	12	5	Apolipoprotein_B	Apolipoprotein B	6.72512715484886e-07	0.000569638352416512
19	12	6	Aspartate_aminotransferase	Aspartate aminotransferase	5.13835978198296e-05	0.000396988108406205
19	12	7	AST_ALT_ratio	AST ALT ratio	2.56575043931831e-07	0.000573132464413242
19	12	8	C_reactive_protein	C reactive protein	9.70940321609126e-07	0.000568667412094903
19	12	9	Calcium	Calcium	2.07132329202305e-06	0.000557905094345994
19	12	10	Cholesterol	Cholesterol	4.23003634523239e-07	0.000572709460778719
19	12	11	Creatinine	Creatinine	4.47319300000578e-06	0.000526299014193885
19	12	12	Creatinine_in_urine	Creatinine in urine	1.38293483175857e-06	0.000563599273232663
19	12	13	Cystatin_C	Cystatin C	1.07592897589026e-05	0.000515539724434983
19	12	14	Direct_bilirubin	Direct bilirubin	2.15821391888855e-06	0.000555746880427106
19	12	15	eGFR	eGFR	3.60787395044165e-06	0.000546261930919607
19	12	16	Gamma_glutamyltransferase	Gamma glutamyltransferase	1.16154256668381e-06	0.000567505869528219
19	12	17	Glucose	Glucose	6.2011620881274e-05	0.000334976487524931
19	12	18	Glycated_haemoglobin_HbA1c	Glycated haemoglobin HbA1c	0.000254617878486003	0
19	12	19	HDL_cholesterol	HDL cholesterol	6.26622216232164e-07	0.000571605442745978
19	12	20	IGF_1	IGF 1	8.03586090389278e-05	0.000254617878486003
19	12	21	LDL_direct	LDL direct	2.40078998139424e-07	0.000573389039457174
19	12	22	Lipoprotein_A	Lipoprotein A	3.52042766919259e-08	0.000573745932918829
19	12	23	Microalbumin_in_urine	Microalbumin in urine	4.77395816508363e-07	0.00057223206496221
19	12	24	Non_albumin_protein	Non albumin protein	3.84695707171901e-06	0.000535066245318783
19	12	25	Phosphate	Phosphate	1.27987028154193e-06	0.000564982208064422
19	12	26	Potassium_in_urine	Potassium in urine	1.24379118225529e-06	0.000566262078345964
19	12	27	SHBG	SHBG	4.29403812489212e-06	0.000530772207193891
19	12	28	Sodium_in_urine	Sodium in urine	3.60993798459772e-06	0.000542651992935009
19	12	29	Testosterone	Testosterone	6.31668693573888e-07	0.000570973774052404
19	12	30	Total_bilirubin	Total bilirubin	3.7387905445072e-06	0.000538913202390502
19	12	31	Total_protein	Total protein	1.58915913978499e-06	0.000562010114092878
19	12	32	Triglycerides	Triglycerides	1.45813956006959e-05	0.000500958328834287
19	12	33	Urate	Urate	3.5558346419223e-05	0.000448371706226035
19	12	34	Urea	Urea	2.40005506394123e-06	0.000553346825363165
19	12	35	Vitamin_D	Vitamin D	1.16814463516225e-07	0.000573629118455313
20	22	1	Alanine_aminotransferase	Alanine aminotransferase	3.58387938350611e-07	0.000449769196792387
20	22	2	Albumin	Albumin	2.98209525702807e-06	0.000435605015324134
20	22	3	Alkaline_phosphatase	Alkaline phosphatase	2.01375657353972e-07	0.000450334021189242
20	22	4	Apolipoprotein_A	Apolipoprotein A	1.12684315141352e-07	0.000450812930109066
20	22	5	Apolipoprotein_B	Apolipoprotein B	1.4371822118117e-07	0.000450535396846596
20	22	6	Aspartate_aminotransferase	Aspartate aminotransferase	2.98221089067989e-06	0.000432622804433454
20	22	7	AST_ALT_ratio	AST ALT ratio	4.49233146705819e-07	0.000448930540573906
20	22	8	C_reactive_protein	C reactive protein	2.32942301718225e-06	0.000438587110581162
20	22	9	Calcium	Calcium	2.56047032629078e-05	0.00033172708893424
20	22	10	Cholesterol	Cholesterol	3.89423071775761e-07	0.000449379773720611
20	22	11	Creatinine	Creatinine	1.38752344224143e-05	0.000380956779397612
20	22	12	Creatinine_in_urine	Creatinine in urine	2.36249872004641e-05	0.000357331792197148
20	22	13	Cystatin_C	Cystatin C	7.68737996749538e-07	0.000448161802577156
20	22	14	Direct_bilirubin	Direct bilirubin	2.06051587137916e-08	0.000451113287749481
20	22	15	eGFR	eGFR	1.09023493660605e-05	0.000406029473051465
20	22	16	Gamma_glutamyltransferase	Gamma glutamyltransferase	1.1069414496465e-08	0.000451164613326474
20	22	17	Glucose	Glucose	1.76049084602374e-10	0.000451177633164207
20	22	18	Glycated_haemoglobin_HbA1c	Glycated haemoglobin HbA1c	6.38041573624982e-08	0.000451016995382534
20	22	19	HDL_cholesterol	HDL cholesterol	9.13809583262881e-08	0.000450925614424208
20	22	20	IGF_1	IGF 1	1.43647344830523e-06	0.000444865225777807
20	22	21	LDL_direct	LDL direct	3.24882095843921e-08	0.000451080799539896
20	22	22	Lipoprotein_A	Lipoprotein A	1.37839684815676e-08	0.000451150829357992
20	22	23	Microalbumin_in_urine	Microalbumin in urine	2.06436458503718e-07	0.000450127584730738
20	22	24	Non_albumin_protein	Non albumin protein	1.69364497975432e-08	0.000451133892908194
20	22	25	Phosphate	Phosphate	8.87215939602668e-06	0.000416931822417525
20	22	26	Potassium_in_urine	Potassium in urine	1.11974592314387e-05	0.000394832013820026
20	22	27	SHBG	SHBG	1.69264586550594e-06	0.000443172579912302
20	22	28	Sodium_in_urine	Sodium in urine	1.33815041289397e-07	0.000450679115067777
20	22	29	Testosterone	Testosterone	2.9667510914466e-05	0.000302059578019774
20	22	30	Total_bilirubin	Total bilirubin	1.95042323739122e-09	0.00045117568274097
20	22	31	Total_protein	Total protein	9.01976981896933e-07	0.000447259825595259
20	22	32	Triglycerides	Triglycerides	2.25604631395732e-06	0.000440916533598344
20	22	33	Urate	Urate	9.58126369146432e-07	0.000446301699226113
20	22	34	Urea	Urea	0.000302059578019774	0
20	22	35	Vitamin_D	Vitamin D	6.81882261990193e-06	0.000425803981813552
21	15	1	Alanine_aminotransferase	Alanine aminotransferase	2.49759269213394e-06	0.000367405169697298
21	15	2	Albumin	Albumin	7.1028273759434e-06	0.000330962128292279
21	15	3	Alkaline_phosphatase	Alkaline phosphatase	2.67295592792369e-06	0.000364732213769374
21	15	4	Apolipoprotein_A	Apolipoprotein A	6.12792666226162e-06	0.000338064955668223
21	15	5	Apolipoprotein_B	Apolipoprotein B	1.56307560090772e-06	0.000372354269713305
21	15	6	Aspartate_aminotransferase	Aspartate aminotransferase	4.3136086209289e-06	0.000349296920703083
21	15	7	AST_ALT_ratio	AST ALT ratio	1.50664719735434e-07	0.00038293350374313
21	15	8	C_reactive_protein	C reactive protein	8.21430142339019e-05	9.51409832149063e-05
21	15	9	Calcium	Calcium	2.8333612980473e-06	0.000361898852471327
21	15	10	Cholesterol	Cholesterol	5.76920423126222e-07	0.000381248562454294
21	15	11	Creatinine	Creatinine	1.11265522997519e-06	0.000379184145265675
21	15	12	Creatinine_in_urine	Creatinine in urine	3.6622738596519e-05	0.000177283997448808
21	15	13	Cystatin_C	Cystatin C	4.21115260832263e-06	0.000353610529324012
21	15	14	Direct_bilirubin	Direct bilirubin	8.09479291245893e-08	0.000383084168462866
21	15	15	eGFR	eGFR	9.51761958643101e-07	0.000380296800495651
21	15	16	Gamma_glutamyltransferase	Gamma glutamyltransferase	4.07717053899263e-06	0.000357821681932334
21	15	17	Glucose	Glucose	1.19473886719159e-06	0.000376852690401425
21	15	18	Glycated_haemoglobin_HbA1c	Glycated haemoglobin HbA1c	1.84466714466765e-07	0.000382749037028663
21	15	19	HDL_cholesterol	HDL cholesterol	1.4149516327657e-06	0.000375437738768659
21	15	20	IGF_1	IGF 1	1.13671599705927e-06	0.000378047429268616
21	15	21	LDL_direct	LDL direct	4.56666101419276e-07	0.00038182548287742
21	15	22	Lipoprotein_A	Lipoprotein A	2.29248785184651e-09	0.00038324498285709
21	15	23	Microalbumin_in_urine	Microalbumin in urine	7.98664650996195e-08	0.00038316511639199
21	15	24	Non_albumin_protein	Non albumin protein	2.06139271598123e-05	0.000310348201132467
21	15	25	Phosphate	Phosphate	9.51409832149063e-05	0
21	15	26	Potassium_in_urine	Potassium in urine	2.71072588915309e-05	0.000213906736045327
21	15	27	SHBG	SHBG	1.94959441531179e-07	0.000382554077587132
21	15	28	Sodium_in_urine	Sodium in urine	2.6877520804554e-05	0.000241013994936858
21	15	29	Testosterone	Testosterone	2.71928608292928e-07	0.000382282148978839
21	15	30	Total_bilirubin	Total bilirubin	5.41207793453594e-10	0.000383247275344942
21	15	31	Total_protein	Total protein	5.10403837259851e-06	0.000344192882330484
21	15	32	Triglycerides	Triglycerides	2.06533196086944e-05	0.000289694881523772
21	15	33	Urate	Urate	1.52039345444629e-06	0.000373917345314213
21	15	34	Urea	Urea	2.45150732387322e-06	0.000369902762389432
21	15	35	Vitamin_D	Vitamin D	2.18033657823603e-05	0.000267891515741412
22	26	1	Alanine_aminotransferase	Alanine aminotransferase	9.67370281058889e-09	0.0002594482020233
22	26	2	Albumin	Albumin	4.2128550137423e-10	0.000259469458082606
22	26	3	Alkaline_phosphatase	Alkaline phosphatase	4.41842248723046e-09	0.00025945787572611
22	26	4	Apolipoprotein_A	Apolipoprotein A	6.1856920792326e-07	0.000256100788331135
22	26	5	Apolipoprotein_B	Apolipoprotein B	1.37201393580196e-06	0.000250796630296964
22	26	6	Aspartate_aminotransferase	Aspartate aminotransferase	6.84355689086467e-07	0.000255416432642048
22	26	7	AST_ALT_ratio	AST ALT ratio	3.40442970364024e-07	0.000257828325549556
22	26	8	C_reactive_protein	C reactive protein	3.82428369662906e-09	0.000259462294148598
22	26	9	Calcium	Calcium	1.71590890185862e-08	0.000259414696746667
22	26	10	Cholesterol	Cholesterol	6.03902889220435e-07	0.000256719357539058
22	26	11	Creatinine	Creatinine	1.20525117028219e-06	0.000252168644232766
22	26	12	Creatinine_in_urine	Creatinine in urine	1.49322963065439e-05	0.000218828678382517
22	26	13	Cystatin_C	Cystatin C	1.64276737693795e-07	0.000258757857163658
22	26	14	Direct_bilirubin	Direct bilirubin	3.41326644687216e-10	0.000259469879368108
22	26	15	eGFR	eGFR	8.94329777981279e-07	0.000254522102864067
22	26	16	Gamma_glutamyltransferase	Gamma glutamyltransferase	1.42580169686212e-07	0.000258922133901352
22	26	17	Glucose	Glucose	1.14820746101861e-06	0.000253373895403048
22	26	18	Glycated_haemoglobin_HbA1c	Glycated haemoglobin HbA1c	2.7051815323079e-07	0.000258487339010427
22	26	19	HDL_cholesterol	HDL cholesterol	5.05065121277323e-07	0.000257323260428279
22	26	20	IGF_1	IGF 1	5.34978512636898e-08	0.000259288578873392
22	26	21	LDL_direct	LDL direct	4.53769557207764e-08	0.000259342076724656
22	26	22	Lipoprotein_A	Lipoprotein A	1.99183717892446e-09	0.000259466118432294
22	26	23	Microalbumin_in_urine	Microalbumin in urine	1.22401743724425e-05	0.000233760974689061
22	26	24	Non_albumin_protein	Non albumin protein	9.24273166745326e-10	0.000259468110269473
22	26	25	Phosphate	Phosphate	1.38732665551492e-06	0.000249409303641449
22	26	26	Potassium_in_urine	Potassium in urine	4.72353537150932e-05	0.000171593324667424
22	26	27	SHBG	SHBG	8.33447292170011e-08	0.000259205234144175
22	26	28	Sodium_in_urine	Sodium in urine	0.000171593324667424	0
22	26	29	Testosterone	Testosterone	2.72430662908207e-08	0.000259387453680376
22	26	30	Total_bilirubin	Total bilirubin	1.63461876139528e-08	0.000259431855835686
22	26	31	Total_protein	Total protein	2.34287444515354e-10	0.000259470220694752
22	26	32	Triglycerides	Triglycerides	3.18570490507261e-07	0.00025816876851992
22	26	33	Urate	Urate	4.23539966497429e-10	0.00025946903454264
22	26	34	Urea	Urea	3.40815457994593e-06	0.000246001149061503
22	26	35	Vitamin_D	Vitamin D	1.40520073136962e-07	0.000259064714071038
23	19	1	Alanine_aminotransferase	Alanine aminotransferase	1.46322061257315e-05	0.000185264045280108
23	19	2	Albumin	Albumin	3.97601086433453e-07	0.000212089686813254
23	19	3	Alkaline_phosphatase	Alkaline phosphatase	2.18369859703018e-07	0.000212809840777296
23	19	4	Apolipoprotein_A	Apolipoprotein A	2.09459787644743e-07	0.000213239419024543
23	19	5	Apolipoprotein_B	Apolipoprotein B	4.71291841743772e-09	0.00021462484868932
23	19	6	Aspartate_aminotransferase	Aspartate aminotransferase	4.10206081332715e-05	0.000106582079369838
23	19	7	AST_ALT_ratio	AST ALT ratio	6.72663389317354e-08	0.000214385716348303
23	19	8	C_reactive_protein	C reactive protein	2.11921778202199e-05	0.000147602687503109
23	19	9	Calcium	Calcium	4.72267869787684e-08	0.000214501678125279
23	19	10	Cholesterol	Cholesterol	2.0203018596453e-07	0.000213448878812188
23	19	11	Creatinine	Creatinine	1.40741093977049e-06	0.000206202144170947
23	19	12	Creatinine_in_urine	Creatinine in urine	1.12522069358847e-07	0.000214169259616251
23	19	13	Cystatin_C	Cystatin C	1.64691799567787e-05	0.000168794865323329
23	19	14	Direct_bilirubin	Direct bilirubin	2.05216827100959e-09	0.000214632725791597
23	19	15	eGFR	eGFR	1.04119061208354e-06	0.000208705735201423
23	19	16	Gamma_glutamyltransferase	Gamma glutamyltransferase	0.000106582079369838	0
23	19	17	Glucose	Glucose	1.37704139632494e-07	0.000213650908998152
23	19	18	Glycated_haemoglobin_HbA1c	Glycated haemoglobin HbA1c	1.09618009070479e-06	0.000207609555110718
23	19	19	HDL_cholesterol	HDL cholesterol	2.11208387543846e-07	0.000213028210636999
23	19	20	IGF_1	IGF 1	3.85899937719514e-06	0.000199896251405839
23	19	21	LDL_direct	LDL direct	3.35600927829682e-08	0.000214586254920708
23	19	22	Lipoprotein_A	Lipoprotein A	3.16418385938658e-09	0.000214629561607738
23	19	23	Microalbumin_in_urine	Microalbumin in urine	1.44165325901549e-11	0.000214634777959868
23	19	24	Non_albumin_protein	Non albumin protein	7.34859262941747e-07	0.000211354827550312
23	19	25	Phosphate	Phosphate	5.03367582980482e-09	0.000214619815013491
23	19	26	Potassium_in_urine	Potassium in urine	3.73500084498673e-08	0.000214548904912258
23	19	27	SHBG	SHBG	4.86954380444252e-08	0.000214452982687235
23	19	28	Sodium_in_urine	Sodium in urine	8.35057613030488e-07	0.000209746925813506
23	19	29	Testosterone	Testosterone	1.34507294584697e-07	0.000213788613137785
23	19	30	Total_bilirubin	Total bilirubin	1.03934662692795e-07	0.00021428178168561
23	19	31	Total_protein	Total protein	1.27158277406495e-07	0.00021392312043237
23	19	32	Triglycerides	Triglycerides	3.22552877608667e-07	0.000212487287899688
23	19	33	Urate	Urate	2.44689338791282e-06	0.000203755250783035
23	19	34	Urea	Urea	7.72844123775695e-07	0.000210581983426537
23	19	35	Vitamin_D	Vitamin D	1.18980906475091e-07	0.000214050278709776
24	35	1	Alanine_aminotransferase	Alanine aminotransferase	9.31895430933518e-05	0
24	35	2	Albumin	Albumin	5.72269902654346e-10	0.000176793276949539
24	35	3	Alkaline_phosphatase	Alkaline phosphatase	1.52679716810074e-11	0.000176795456312331
24	35	4	Apolipoprotein_A	Apolipoprotein A	5.89489273680887e-11	0.000176795262601029
24	35	5	Apolipoprotein_B	Apolipoprotein B	1.85642768629372e-12	0.000176795519812032
24	35	6	Aspartate_aminotransferase	Aspartate aminotransferase	3.65006316177675e-05	0.000140280452378159
24	35	7	AST_ALT_ratio	AST ALT ratio	4.70909092848075e-05	9.31895430933518e-05
24	35	8	C_reactive_protein	C reactive protein	5.32383685818776e-11	0.000176795321549957
24	35	9	Calcium	Calcium	5.54083561183441e-13	0.000176795524196389
24	35	10	Cholesterol	Cholesterol	6.12480455985794e-09	0.000176781083995927
24	35	11	Creatinine	Creatinine	4.22039512151641e-13	0.000176795524750473
24	35	12	Creatinine_in_urine	Creatinine in urine	1.45231774024839e-11	0.000176795471580303
24	35	13	Cystatin_C	Cystatin C	5.63335942901855e-16	0.000176795525865408
24	35	14	Direct_bilirubin	Direct bilirubin	1.78744663962239e-16	0.000176795525865971
24	35	15	eGFR	eGFR	6.97147642404547e-11	0.000176795124812747
24	35	16	Gamma_glutamyltransferase	Gamma glutamyltransferase	2.39101321612213e-12	0.000176795517421019
24	35	17	Glucose	Glucose	2.71685049183432e-13	0.000176795525593723
24	35	18	Glycated_haemoglobin_HbA1c	Glycated haemoglobin HbA1c	1.71837777682978e-11	0.000176795423728355
24	35	19	HDL_cholesterol	HDL cholesterol	6.18412603514121e-10	0.000176792658536936
24	35	20	IGF_1	IGF 1	1.54001978940894e-11	0.000176795440912133
24	35	21	LDL_direct	LDL direct	5.4497364489255e-09	0.000176787208800487
24	35	22	Lipoprotein_A	Lipoprotein A	4.21210531776163e-13	0.000176795525172512
24	35	23	Microalbumin_in_urine	Microalbumin in urine	1.96666576966762e-10	0.000176794807482905
24	35	24	Non_albumin_protein	Non albumin protein	4.70368824718779e-10	0.00017679433711408
24	35	25	Phosphate	Phosphate	1.43712977704384e-12	0.00017679552166846
24	35	26	Potassium_in_urine	Potassium in urine	2.85332918595515e-11	0.000176795374788325
24	35	27	SHBG	SHBG	1.20663264619555e-10	0.000176795004149482
24	35	28	Sodium_in_urine	Sodium in urine	2.04067384529833e-11	0.000176795403321617
24	35	29	Testosterone	Testosterone	6.80735182332486e-11	0.000176795194527511
24	35	30	Total_bilirubin	Total bilirubin	1.09079973645444e-12	0.000176795523105589
24	35	31	Total_protein	Total protein	4.87894638566674e-10	0.000176793849219442
24	35	32	Triglycerides	Triglycerides	1.09616252566979e-11	0.000176795500072928
24	35	33	Urate	Urate	3.58863786267059e-12	0.000176795511034554
24	35	34	Urea	Urea	1.39694481077444e-11	0.00017679548610348
24	35	35	Vitamin_D	Vitamin D	2.79782729400231e-12	0.000176795514623191
25	1	1	Alanine_aminotransferase	Alanine aminotransferase	4.31944674461002e-15	2.38806588001261e-05
25	1	2	Albumin	Albumin	1.73728207099293e-08	2.3802178414083e-05
25	1	3	Alkaline_phosphatase	Alkaline phosphatase	6.83931730011792e-10	2.38768571842369e-05
25	1	4	Apolipoprotein_A	Apolipoprotein A	3.76588134032223e-09	2.38580260855406e-05
25	1	5	Apolipoprotein_B	Apolipoprotein B	8.88842288474745e-07	2.1416206877922e-05
25	1	6	Aspartate_aminotransferase	Aspartate aminotransferase	1.41590740051934e-11	2.38806436349571e-05
25	1	7	AST_ALT_ratio	AST ALT ratio	2.3583337917303e-11	2.38805971563287e-05
25	1	8	C_reactive_protein	C reactive protein	2.32781422272309e-09	2.38687096275961e-05
25	1	9	Calcium	Calcium	3.36392819698996e-09	2.38653456993991e-05
25	1	10	Cholesterol	Cholesterol	6.35303589301378e-07	2.31420936671788e-05
25	1	11	Creatinine	Creatinine	3.57003761690704e-10	2.38786490218327e-05
25	1	12	Creatinine_in_urine	Creatinine in urine	2.96298949223452e-10	2.38796899762353e-05
25	1	13	Cystatin_C	Cystatin C	1.01799472360979e-09	2.38758391895133e-05
25	1	14	Direct_bilirubin	Direct bilirubin	1.41719986286097e-08	2.38352780781717e-05
25	1	15	eGFR	eGFR	1.37323222961198e-10	2.38803865768033e-05
25	1	16	Gamma_glutamyltransferase	Gamma glutamyltransferase	4.58042467683044e-10	2.3878190979365e-05
25	1	17	Glucose	Glucose	1.04690914375829e-09	2.38747922803696e-05
25	1	18	Glycated_haemoglobin_HbA1c	Glycated haemoglobin HbA1c	3.55373251821876e-09	2.38617919668809e-05
25	1	19	HDL_cholesterol	HDL cholesterol	1.3282088016098e-09	2.38710374418189e-05
25	1	20	IGF_1	IGF 1	3.28557426099741e-10	2.38793614188092e-05
25	1	21	LDL_direct	LDL direct	8.37044500782015e-07	2.23050491663968e-05
25	1	22	Lipoprotein_A	Lipoprotein A	2.1416206877922e-05	0
25	1	23	Microalbumin_in_urine	Microalbumin in urine	2.16564511402991e-10	2.38799862751845e-05
25	1	24	Non_albumin_protein	Non albumin protein	1.57268433788037e-08	2.38195512347929e-05
25	1	25	Phosphate	Phosphate	2.28952904657898e-11	2.38806207396666e-05
25	1	26	Potassium_in_urine	Potassium in urine	7.32563024896232e-11	2.38805239000262e-05
25	1	27	SHBG	SHBG	3.91876841020806e-09	2.38541073171304e-05
25	1	28	Sodium_in_urine	Sodium in urine	1.83737107381662e-10	2.38802028396959e-05
25	1	29	Testosterone	Testosterone	1.14221969548582e-09	2.38736500606741e-05
25	1	30	Total_bilirubin	Total bilirubin	3.55393214789342e-10	2.38790060255944e-05
25	1	31	Total_protein	Total protein	6.49863398063329e-10	2.38775411159669e-05
25	1	32	Triglycerides	Triglycerides	2.47811576028077e-08	2.37773972564802e-05
25	1	33	Urate	Urate	1.28441005360825e-09	2.38723656506205e-05
25	1	34	Urea	Urea	1.00609502431805e-12	2.38806577940311e-05
25	1	35	Vitamin_D	Vitamin D	4.65724033005358e-09	2.38494500768003e-05
26	23	1	Alanine_aminotransferase	Alanine aminotransferase	4.59946564020229e-09	1.03324343975211e-05
26	23	2	Albumin	Albumin	2.53504632583091e-06	5.57806253286802e-06
26	23	3	Alkaline_phosphatase	Alkaline phosphatase	2.58569230402876e-10	1.0346464877707e-05
26	23	4	Apolipoprotein_A	Apolipoprotein A	7.34328631914542e-09	1.03146931910979e-05
26	23	5	Apolipoprotein_B	Apolipoprotein B	6.75726071196278e-12	1.03467819854406e-05
26	23	6	Aspartate_aminotransferase	Aspartate aminotransferase	8.7560710971908e-09	1.02898771765265e-05
26	23	7	AST_ALT_ratio	AST ALT ratio	2.65420286232423e-10	1.03461994574208e-05
26	23	8	C_reactive_protein	C reactive protein	1.4599238560716e-08	1.02665057029104e-05
26	23	9	Calcium	Calcium	5.57806253286802e-06	0
26	23	10	Cholesterol	Cholesterol	6.85113286903796e-10	1.03441994325313e-05
26	23	11	Creatinine	Creatinine	1.00400280521993e-09	1.0341497150266e-05
26	23	12	Creatinine_in_urine	Creatinine in urine	2.24558135827381e-08	1.02258965102732e-05
26	23	13	Cystatin_C	Cystatin C	1.23955801216987e-07	9.81590613503504e-06
26	23	14	Direct_bilirubin	Direct bilirubin	1.86881604589901e-09	1.03370338631613e-05
26	23	15	eGFR	eGFR	3.95765325325852e-10	1.03454146479645e-05
26	23	16	Gamma_glutamyltransferase	Gamma glutamyltransferase	7.45609689418882e-09	1.03072370942037e-05
26	23	17	Glucose	Glucose	8.33446356364967e-10	1.0343365986175e-05
26	23	18	Glycated_haemoglobin_HbA1c	Glycated haemoglobin HbA1c	8.77223505532854e-09	1.02811049414712e-05
26	23	19	HDL_cholesterol	HDL cholesterol	1.25506235642751e-09	1.03402420879096e-05
26	23	20	IGF_1	IGF 1	1.81533790545158e-08	1.02483523238559e-05
26	23	21	LDL_direct	LDL direct	3.89044130961579e-10	1.03458104132898e-05
26	23	22	Lipoprotein_A	Lipoprotein A	5.30102146243415e-10	1.03448845458182e-05
26	23	23	Microalbumin_in_urine	Microalbumin in urine	1.33940870241548e-09	1.03389026792072e-05
26	23	24	Non_albumin_protein	Non albumin protein	8.22595045448336e-08	1.01149801943557e-05
26	23	25	Phosphate	Phosphate	2.8656811372639e-08	1.01972396989005e-05
26	23	26	Potassium_in_urine	Potassium in urine	8.60384658004616e-09	1.02986332476237e-05
26	23	27	SHBG	SHBG	8.33315828146135e-08	1.00316486115411e-05
26	23	28	Sodium_in_urine	Sodium in urine	5.3052499352985e-09	1.03220364774171e-05
26	23	29	Testosterone	Testosterone	8.82067233899102e-07	8.11310885869892e-06
26	23	30	Total_bilirubin	Total bilirubin	5.85385031848094e-11	1.03467234469374e-05
26	23	31	Total_protein	Total protein	6.0444150095924e-07	8.99517609259802e-06
26	23	32	Triglycerides	Triglycerides	5.09267016872234e-09	1.03273417273524e-05
26	23	33	Urate	Urate	8.64833103715928e-10	1.03425011530712e-05
26	23	34	Urea	Urea	2.16288541477777e-07	9.59961759355726e-06
26	23	35	Vitamin_D	Vitamin D	9.17866752890713e-08	9.93986193625203e-06
27	28	1	Alanine_aminotransferase	Alanine aminotransferase	1.69747167023672e-11	7.9270245413274e-06
27	28	2	Albumin	Albumin	6.70343817557062e-10	7.92311721017409e-06
27	28	3	Alkaline_phosphatase	Alkaline phosphatase	2.1530168704776e-09	7.91466253032888e-06
27	28	4	Apolipoprotein_A	Apolipoprotein A	1.64207233533471e-06	3.42683799930647e-06
27	28	5	Apolipoprotein_B	Apolipoprotein B	3.42683799930647e-06	0
27	28	6	Aspartate_aminotransferase	Aspartate aminotransferase	2.0541418257057e-10	7.92644566708804e-06
27	28	7	AST_ALT_ratio	AST ALT ratio	5.64749326045472e-10	7.92506794173153e-06
27	28	8	C_reactive_protein	C reactive protein	4.90361650665497e-10	7.92563269105758e-06
27	28	9	Calcium	Calcium	1.65780584447598e-10	7.92665108127061e-06
27	28	10	Cholesterol	Cholesterol	1.55416778782367e-06	5.06891033464118e-06
27	28	11	Creatinine	Creatinine	3.22614379795311e-10	7.92612305270824e-06
27	28	12	Creatinine_in_urine	Creatinine in urine	2.33768923147571e-08	7.84513348057665e-06
27	28	13	Cystatin_C	Cystatin C	4.75556364355209e-09	7.90206689973786e-06
27	28	14	Direct_bilirubin	Direct bilirubin	3.92163372803308e-08	7.80591714329632e-06
27	28	15	eGFR	eGFR	7.94742590607183e-10	7.92232246758348e-06
27	28	16	Gamma_glutamyltransferase	Gamma glutamyltransferase	8.10592783212407e-10	7.92151187480027e-06
27	28	17	Glucose	Glucose	9.70083277644849e-09	7.88532244695987e-06
27	28	18	Glycated_haemoglobin_HbA1c	Glycated haemoglobin HbA1c	7.04362000153548e-09	7.89502327973632e-06
27	28	19	HDL_cholesterol	HDL cholesterol	2.63308917222936e-07	7.23833567746259e-06
27	28	20	IGF_1	IGF 1	1.46276601701206e-09	7.91681554719936e-06
27	28	21	LDL_direct	LDL direct	6.15257554997741e-07	6.62307812246485e-06
27	28	22	Lipoprotein_A	Lipoprotein A	6.31652447126899e-11	7.92696137608269e-06
27	28	23	Microalbumin_in_urine	Microalbumin in urine	8.17424958051524e-08	7.65327861824777e-06
27	28	24	Non_albumin_protein	Non albumin protein	2.20406736382705e-09	7.91245846296505e-06
27	28	25	Phosphate	Phosphate	1.11393514719961e-09	7.91827831321637e-06
27	28	26	Potassium_in_urine	Potassium in urine	1.51634023562243e-07	7.50164459468553e-06
27	28	27	SHBG	SHBG	1.44514227628846e-10	7.92681686185506e-06
27	28	28	Sodium_in_urine	Sodium in urine	7.08960292433901e-08	7.73502111405293e-06
27	28	29	Testosterone	Testosterone	1.0315865951413e-09	7.92048028820513e-06
27	28	30	Total_bilirubin	Total bilirubin	1.68120740684691e-08	7.8685103728914e-06
27	28	31	Total_protein	Total protein	6.62306920090835e-10	7.92378755399165e-06
27	28	32	Triglycerides	Triglycerides	1.08803984156252e-09	7.91939224836357e-06
27	28	33	Urate	Urate	2.58207225280466e-09	7.90987639071225e-06
27	28	34	Urea	Urea	3.05392733083724e-09	7.90682246338141e-06
27	28	35	Vitamin_D	Vitamin D	6.18080819794104e-10	7.92444986091174e-06
28	13	1	Alanine_aminotransferase	Alanine aminotransferase	3.04957436925633e-09	5.16823863484099e-06
28	13	2	Albumin	Albumin	4.111225690408e-09	5.16071676378461e-06
28	13	3	Alkaline_phosphatase	Alkaline phosphatase	2.63398948163762e-09	5.17128820921025e-06
28	13	4	Apolipoprotein_A	Apolipoprotein A	7.50470522888488e-08	4.61493110526108e-06
28	13	5	Apolipoprotein_B	Apolipoprotein B	3.75698716890859e-08	5.03294446525312e-06
28	13	6	Aspartate_aminotransferase	Aspartate aminotransferase	8.42613159568313e-09	5.14242848792419e-06
28	13	7	AST_ALT_ratio	AST ALT ratio	2.29843448240702e-11	5.18033222700023e-06
28	13	8	C_reactive_protein	C reactive protein	6.60807067537565e-08	4.7566780688479e-06
28	13	9	Calcium	Calcium	6.28363701984451e-10	5.1789059827228e-06
28	13	10	Cholesterol	Cholesterol	2.45029881210248e-08	5.09548072747034e-06
28	13	11	Creatinine	Creatinine	1.4626508131964e-07	4.08363318703319e-06
28	13	12	Creatinine_in_urine	Creatinine in urine	4.92900619971454e-08	4.98365440325597e-06
28	13	13	Cystatin_C	Cystatin C	1.24930014913282e-07	4.36673313087971e-06
28	13	14	Direct_bilirubin	Direct bilirubin	2.85075591170308e-10	5.17996628016739e-06
28	13	15	eGFR	eGFR	1.36834862526879e-07	4.22989826835283e-06
28	13	16	Gamma_glutamyltransferase	Gamma glutamyltransferase	3.41064536597834e-09	5.16482798947501e-06
28	13	17	Glucose	Glucose	1.18690479939758e-08	5.11998371559136e-06
28	13	18	Glycated_haemoglobin_HbA1c	Glycated haemoglobin HbA1c	1.23267959468083e-07	4.49166314579299e-06
28	13	19	HDL_cholesterol	HDL cholesterol	2.41370257929101e-09	5.17392219869189e-06
28	13	20	IGF_1	IGF 1	2.9396607117349e-07	3.7896671158597e-06
28	13	21	LDL_direct	LDL direct	1.74500359980526e-09	5.17633590127118e-06
28	13	22	Lipoprotein_A	Lipoprotein A	8.25077851814016e-10	5.17808090487098e-06
28	13	23	Microalbumin_in_urine	Microalbumin in urine	4.3193374260684e-10	5.17953434642478e-06
28	13	24	Non_albumin_protein	Non albumin protein	5.2540166343187e-08	4.88138893458124e-06
28	13	25	Phosphate	Phosphate	6.66999112979728e-08	4.68997815754992e-06
28	13	26	Potassium_in_urine	Potassium in urine	5.86301589795854e-08	4.82275877560165e-06
28	13	27	SHBG	SHBG	8.08712416667823e-11	5.18025135575856e-06
28	13	28	Sodium_in_urine	Sodium in urine	4.97253023315446e-08	4.93392910092443e-06
28	13	29	Testosterone	Testosterone	4.26085051331409e-09	5.15645591327129e-06
28	13	30	Total_bilirubin	Total bilirubin	5.60129375142101e-09	5.15085461951987e-06
28	13	31	Total_protein	Total protein	2.49663905281346e-08	5.0705143369422e-06
28	13	32	Triglycerides	Triglycerides	7.20109901518617e-07	3.06955721434108e-06
28	13	33	Urate	Urate	3.06955721434108e-06	0
28	13	34	Urea	Urea	1.46216291373748e-11	5.18035521134505e-06
28	13	35	Vitamin_D	Vitamin D	1.05757243388514e-08	5.13185276358534e-06
29	29	1	Alanine_aminotransferase	Alanine aminotransferase	4.21786321011024e-11	2.05944356414006e-06
29	29	2	Albumin	Albumin	2.28272285660326e-11	2.05954225893697e-06
29	29	3	Alkaline_phosphatase	Alkaline phosphatase	1.17996029886632e-11	2.05958580227717e-06
29	29	4	Apolipoprotein_A	Apolipoprotein A	2.51816512413693e-08	1.95618983321906e-06
29	29	5	Apolipoprotein_B	Apolipoprotein B	7.09737446176884e-09	2.02101928226128e-06
29	29	6	Aspartate_aminotransferase	Aspartate aminotransferase	1.35581590251557e-12	2.05960506792199e-06
29	29	7	AST_ALT_ratio	AST ALT ratio	6.53491871854389e-11	2.05926870660237e-06
29	29	8	C_reactive_protein	C reactive protein	8.84719198925836e-10	2.05636474107471e-06
29	29	9	Calcium	Calcium	2.91313201241321e-11	2.05948574277216e-06
29	29	10	Cholesterol	Cholesterol	2.98587399834819e-09	2.05209175124648e-06
29	29	11	Creatinine	Creatinine	4.88370398897571e-09	2.04720804725751e-06
29	29	12	Creatinine_in_urine	Creatinine in urine	1.04987140836333e-06	0
29	29	13	Cystatin_C	Cystatin C	2.73848446803879e-11	2.05951487409229e-06
29	29	14	Direct_bilirubin	Direct bilirubin	1.61887939110741e-08	1.98137148446043e-06
29	29	15	eGFR	eGFR	5.76894868559548e-09	2.04143909857191e-06
29	29	16	Gamma_glutamyltransferase	Gamma glutamyltransferase	1.15774192882967e-10	2.05915293240949e-06
29	29	17	Glucose	Glucose	5.0641999715376e-10	2.05830087466904e-06
29	29	18	Glycated_haemoglobin_HbA1c	Glycated haemoglobin HbA1c	1.93595694481884e-12	2.05960313196505e-06
29	29	19	HDL_cholesterol	HDL cholesterol	1.00403289866542e-08	2.01097895327462e-06
29	29	20	IGF_1	IGF 1	2.07161116383973e-11	2.05956508616553e-06
29	29	21	LDL_direct	LDL direct	5.53008488552238e-12	2.05959760188016e-06
29	29	22	Lipoprotein_A	Lipoprotein A	5.57356775143169e-13	2.05960642373789e-06
29	29	23	Microalbumin_in_urine	Microalbumin in urine	7.09318375839688e-09	2.02811665672305e-06
29	29	24	Non_albumin_protein	Non albumin protein	6.52672355026349e-11	2.05933405578956e-06
29	29	25	Phosphate	Phosphate	1.28711582988419e-09	2.05507762524483e-06
29	29	26	Potassium_in_urine	Potassium in urine	8.61603385010254e-07	1.04987140836333e-06
29	29	27	SHBG	SHBG	3.60423313528043e-13	2.05960698109467e-06
29	29	28	Sodium_in_urine	Sodium in urine	4.47150398454752e-08	1.91147479337358e-06
29	29	29	Testosterone	Testosterone	1.58648877205141e-10	2.05899428353228e-06
29	29	30	Total_bilirubin	Total bilirubin	1.34186749031204e-08	1.9975602783715e-06
29	29	31	Total_protein	Total protein	4.42411150030033e-11	2.05939932302506e-06
29	29	32	Triglycerides	Triglycerides	5.30149027047199e-10	2.05724946027364e-06
29	29	33	Urate	Urate	1.86988866087296e-10	2.05880729466619e-06
29	29	34	Urea	Urea	6.22925809046886e-09	2.03520984048144e-06
29	29	35	Vitamin_D	Vitamin D	5.21265368353403e-10	2.05777960930069e-06
30	31	1	Alanine_aminotransferase	Alanine aminotransferase	1.35124122253711e-10	1.48231407687659e-06
30	31	2	Albumin	Albumin	1.06300812536501e-12	1.483101754847e-06
30	31	3	Alkaline_phosphatase	Alkaline phosphatase	5.901911577108e-11	1.48288078922133e-06
30	31	4	Apolipoprotein_A	Apolipoprotein A	1.74043569101304e-10	1.48198247588986e-06
30	31	5	Apolipoprotein_B	Apolipoprotein B	1.32916613269445e-08	1.44325144035773e-06
30	31	6	Aspartate_aminotransferase	Aspartate aminotransferase	1.27487218062614e-10	1.48244920099884e-06
30	31	7	AST_ALT_ratio	AST ALT ratio	4.68913986329572e-11	1.48299268494964e-06
30	31	8	C_reactive_protein	C reactive protein	1.75686330401226e-10	1.48180678955946e-06
30	31	9	Calcium	Calcium	1.94432238081068e-10	1.48161235732137e-06
30	31	10	Cholesterol	Cholesterol	1.09038605773605e-09	1.47770399155146e-06
30	31	11	Creatinine	Creatinine	4.47552365663449e-10	1.48002411781314e-06
30	31	12	Creatinine_in_urine	Creatinine in urine	1.3912827007918e-08	1.42933861334981e-06
30	31	13	Cystatin_C	Cystatin C	5.70521552376343e-10	1.47945359626077e-06
30	31	14	Direct_bilirubin	Direct bilirubin	8.22532066299622e-07	0
30	31	15	eGFR	eGFR	3.70495937813885e-09	1.47119525597424e-06
30	31	16	Gamma_glutamyltransferase	Gamma glutamyltransferase	6.59218651570907e-10	1.4787943776092e-06
30	31	17	Glucose	Glucose	2.94461568181924e-10	1.48131789575319e-06
30	31	18	Glycated_haemoglobin_HbA1c	Glycated haemoglobin HbA1c	8.63473886692923e-11	1.48257668821691e-06
30	31	19	HDL_cholesterol	HDL cholesterol	1.97751187523427e-11	1.48303957634827e-06
30	31	20	IGF_1	IGF 1	4.10764186207706e-10	1.48090713156698e-06
30	31	21	LDL_direct	LDL direct	4.35461388178549e-10	1.48047167017881e-06
30	31	22	Lipoprotein_A	Lipoprotein A	6.89157619046591e-12	1.48309486327081e-06
30	31	23	Microalbumin_in_urine	Microalbumin in urine	2.80377619908408e-09	1.47490021535238e-06
30	31	24	Non_albumin_protein	Non albumin protein	7.15808626964008e-11	1.48274340735844e-06
30	31	25	Phosphate	Phosphate	6.5801000196611e-11	1.48281498822114e-06
30	31	26	Potassium_in_urine	Potassium in urine	1.03912705540174e-08	1.45654310168468e-06
30	31	27	SHBG	SHBG	1.89432513913652e-11	1.48305935146702e-06
30	31	28	Sodium_in_urine	Sodium in urine	6.93635826841353e-12	1.48308792691254e-06
30	31	29	Testosterone	Testosterone	9.63219413043563e-12	1.48307829471841e-06
30	31	30	Total_bilirubin	Total bilirubin	6.06806547050192e-07	8.22532066299622e-07
30	31	31	Total_protein	Total protein	5.28766125324589e-11	1.4829398083371e-06
30	31	32	Triglycerides	Triglycerides	4.26088373554205e-09	1.46693437223869e-06
30	31	33	Urate	Urate	3.49864535233345e-14	1.48310281785513e-06
30	31	34	Urea	Urea	1.57557417633094e-10	1.48215651945896e-06
30	31	35	Vitamin_D	Vitamin D	8.03717528640226e-11	1.48266303560558e-06
31	30	1	Alanine_aminotransferase	Alanine aminotransferase	1.82111414288573e-12	2.60922076990512e-07
31	30	2	Albumin	Albumin	7.06750417030245e-13	2.60926058786925e-07
31	30	3	Alkaline_phosphatase	Alkaline phosphatase	4.21897710792273e-13	2.60927277644403e-07
31	30	4	Apolipoprotein_A	Apolipoprotein A	7.24404828701794e-08	1.11528722950051e-07
31	30	5	Apolipoprotein_B	Apolipoprotein B	3.19929318252029e-08	1.8396920582023e-07
31	30	6	Aspartate_aminotransferase	Aspartate aminotransferase	1.18189697080261e-13	2.60927946507021e-07
31	30	7	AST_ALT_ratio	AST ALT ratio	1.31358707687364e-12	2.60923898104655e-07
31	30	8	C_reactive_protein	C reactive protein	2.35588589379523e-11	2.60782899404681e-07
31	30	9	Calcium	Calcium	8.4709519252164e-13	2.60925211691732e-07
31	30	10	Cholesterol	Cholesterol	2.32647451162572e-09	2.55919352314674e-07
31	30	11	Creatinine	Creatinine	3.57800163909627e-14	2.60928064696718e-07
31	30	12	Creatinine_in_urine	Creatinine in urine	8.51467631073157e-10	2.59452321848896e-07
31	30	13	Cystatin_C	Cystatin C	3.70934573543996e-11	2.60690270330815e-07
31	30	14	Direct_bilirubin	Direct bilirubin	1.14269945145307e-10	2.60424383061427e-07
31	30	15	eGFR	eGFR	6.27767779067559e-11	2.60627493552909e-07
31	30	16	Gamma_glutamyltransferase	Gamma glutamyltransferase	2.46964907245442e-13	2.60927699542114e-07
31	30	17	Glucose	Glucose	1.77405823752742e-11	2.60827557470519e-07
31	30	18	Glycated_haemoglobin_HbA1c	Glycated haemoglobin HbA1c	1.76037152130002e-11	2.60845298052895e-07
31	30	19	HDL_cholesterol	HDL cholesterol	1.11528722950051e-07	0
31	30	20	IGF_1	IGF 1	3.13870864418079e-16	2.60928100476734e-07
31	30	21	LDL_direct	LDL direct	2.9512215853674e-08	2.15962137645433e-07
31	30	22	Lipoprotein_A	Lipoprotein A	9.42833177882078e-12	2.60902465069189e-07
31	30	23	Microalbumin_in_urine	Microalbumin in urine	1.20593581458086e-10	2.60303789479969e-07
31	30	24	Non_albumin_protein	Non albumin protein	2.10992069002065e-11	2.60806458263619e-07
31	30	25	Phosphate	Phosphate	1.16079559554312e-11	2.60879596748426e-07
31	30	26	Potassium_in_urine	Potassium in urine	1.20649502259628e-09	2.582458268263e-07
31	30	27	SHBG	SHBG	5.90888502446356e-12	2.60911893400968e-07
31	30	28	Sodium_in_urine	Sodium in urine	2.53333433674817e-11	2.60757566061314e-07
31	30	29	Testosterone	Testosterone	1.12603648072328e-11	2.60891204704382e-07
31	30	30	Total_bilirubin	Total bilirubin	8.88405463361268e-11	2.60538653006572e-07
31	30	31	Total_protein	Total protein	5.12107060963309e-13	2.60926765537342e-07
31	30	32	Triglycerides	Triglycerides	1.0444998815567e-08	2.45474353499107e-07
31	30	33	Urate	Urate	4.27470452024823e-12	2.60917802285992e-07
31	30	34	Urea	Urea	1.66949803186268e-11	2.60862901768108e-07
31	30	35	Vitamin_D	Vitamin D	3.02022731439895e-11	2.6072736378817e-07
32	27	1	Alanine_aminotransferase	Alanine aminotransferase	6.83244121564282e-13	1.87096896382688e-07
32	27	2	Albumin	Albumin	1.38037694652656e-10	1.86111951733033e-07
32	27	3	Alkaline_phosphatase	Alkaline phosphatase	1.43881484297659e-12	1.87095457567845e-07
32	27	4	Apolipoprotein_A	Apolipoprotein A	9.31705182655156e-10	1.82856972390645e-07
32	27	5	Apolipoprotein_B	Apolipoprotein B	1.56969848297896e-09	1.81287273907666e-07
32	27	6	Aspartate_aminotransferase	Aspartate aminotransferase	7.22180501061689e-12	1.87081016706232e-07
32	27	7	AST_ALT_ratio	AST ALT ratio	1.93687992618552e-13	1.87097909123423e-07
32	27	8	C_reactive_protein	C reactive protein	6.88777074803237e-11	1.86775409406047e-07
32	27	9	Calcium	Calcium	3.29496612768223e-13	1.8709757962681e-07
32	27	10	Cholesterol	Cholesterol	6.27865704413439e-10	1.84461984507775e-07
32	27	11	Creatinine	Creatinine	2.03303048456293e-11	1.87047786871359e-07
32	27	12	Creatinine_in_urine	Creatinine in urine	1.28995300277892e-11	1.87068117176204e-07
32	27	13	Cystatin_C	Cystatin C	3.22581045579647e-11	1.86994799145637e-07
32	27	14	Direct_bilirubin	Direct bilirubin	1.27788725336835e-10	1.86383374133406e-07
32	27	15	eGFR	eGFR	1.86061567672844e-10	1.85783545763284e-07
32	27	16	Gamma_glutamyltransferase	Gamma glutamyltransferase	1.23588191282483e-10	1.86511162858743e-07
32	27	17	Glucose	Glucose	4.19023981417184e-11	1.86844287113528e-07
32	27	18	Glycated_haemoglobin_HbA1c	Glycated haemoglobin HbA1c	6.7330693447525e-10	1.837886775733e-07
32	27	19	HDL_cholesterol	HDL cholesterol	4.02814109525858e-12	1.87088238511243e-07
32	27	20	IGF_1	IGF 1	6.96988403833092e-11	1.86705710565664e-07
32	27	21	LDL_direct	LDL direct	4.90439758471344e-10	1.85089850212189e-07
32	27	22	Lipoprotein_A	Lipoprotein A	1.94684483407634e-15	1.87098102811415e-07
32	27	23	Microalbumin_in_urine	Microalbumin in urine	1.73569684864789e-07	0
32	27	24	Non_albumin_protein	Non albumin protein	3.34889970363384e-11	1.86927867901047e-07
32	27	25	Phosphate	Phosphate	7.09595156385348e-11	1.86634751050026e-07
32	27	26	Potassium_in_urine	Potassium in urine	2.14870178924273e-09	1.79138572118423e-07
32	27	27	SHBG	SHBG	4.16783893774383e-11	1.86886189511669e-07
32	27	28	Sodium_in_urine	Sodium in urine	5.56888725363388e-09	1.73569684864789e-07
32	27	29	Testosterone	Testosterone	3.34422475533138e-11	1.86961356898083e-07
32	27	30	Total_bilirubin	Total bilirubin	1.42344402076079e-10	1.85969607330956e-07
32	27	31	Total_protein	Total protein	1.33384705721047e-10	1.86249989427685e-07
32	27	32	Triglycerides	Triglycerides	1.49112626879635e-12	1.87093966441577e-07
32	27	33	Urate	Urate	2.07296211639845e-11	1.87027057250195e-07
32	27	34	Urea	Urea	2.03255792623765e-10	1.8558028997066e-07
32	27	35	Vitamin_D	Vitamin D	1.69978923878402e-12	1.87092266652338e-07
33	32	1	Alanine_aminotransferase	Alanine aminotransferase	3.17071899952511e-16	2.26095034662815e-08
33	32	2	Albumin	Albumin	5.82501001156342e-14	2.26092752700588e-08
33	32	3	Alkaline_phosphatase	Alkaline phosphatase	3.86335614499178e-13	2.26073067518906e-08
33	32	4	Apolipoprotein_A	Apolipoprotein A	2.93748328362303e-14	2.26094227109814e-08
33	32	5	Apolipoprotein_B	Apolipoprotein B	1.25830446596696e-12	2.2604684297689e-08
33	32	6	Aspartate_aminotransferase	Aspartate aminotransferase	1.41195851476978e-14	2.260946652839e-08
33	32	7	AST_ALT_ratio	AST ALT ratio	3.91016276610744e-14	2.26093836093538e-08
33	32	8	C_reactive_protein	C reactive protein	1.44425756756829e-14	2.26094520858143e-08
33	32	9	Calcium	Calcium	6.91456269361221e-15	2.26094877843706e-08
33	32	10	Cholesterol	Cholesterol	1.00165241936611e-11	2.25864671376388e-08
33	32	11	Creatinine	Creatinine	1.04845682298407e-08	1.19969116873489e-08
33	32	12	Creatinine_in_urine	Creatinine in urine	3.05661334688942e-12	2.25964836618324e-08
33	32	13	Cystatin_C	Cystatin C	1.16299309950509e-13	2.26090005197211e-08
33	32	14	Direct_bilirubin	Direct bilirubin	3.33773349757101e-11	2.24814799171895e-08
33	32	15	eGFR	eGFR	1.19969116873489e-08	0
33	32	16	Gamma_glutamyltransferase	Gamma glutamyltransferase	3.25717937004428e-13	2.26076930875051e-08
33	32	17	Glucose	Glucose	2.14093741012773e-12	2.26025433602788e-08
33	32	18	Glycated_haemoglobin_HbA1c	Glycated haemoglobin HbA1c	1.64327409326846e-15	2.26095018230074e-08
33	32	19	HDL_cholesterol	HDL cholesterol	9.53185008709131e-14	2.26091168190311e-08
33	32	20	IGF_1	IGF 1	2.11981289712358e-13	2.26082642386462e-08
33	32	21	LDL_direct	LDL direct	2.5224928471591e-11	2.25148572521652e-08
33	32	22	Lipoprotein_A	Lipoprotein A	4.87647941360842e-15	2.26094946989333e-08
33	32	23	Microalbumin_in_urine	Microalbumin in urine	2.13078555766425e-11	2.25651592820621e-08
33	32	24	Non_albumin_protein	Non albumin protein	2.4543320409062e-13	2.26080188054421e-08
33	32	25	Phosphate	Phosphate	7.13639549182195e-15	2.26094806479751e-08
33	32	26	Potassium_in_urine	Potassium in urine	6.31325268180208e-14	2.26092121375319e-08
33	32	27	SHBG	SHBG	2.06796132218229e-13	2.26084762199359e-08
33	32	28	Sodium_in_urine	Sodium in urine	5.0089194910365e-14	2.26093335201589e-08
33	32	29	Testosterone	Testosterone	1.94090326090292e-13	2.26086830160681e-08
33	32	30	Total_bilirubin	Total bilirubin	2.50771014252692e-11	2.25400821806368e-08
33	32	31	Total_protein	Total protein	6.1354926990055e-13	2.26066932026207e-08
33	32	32	Triglycerides	Triglycerides	3.00308509953314e-12	2.25995402751793e-08
33	32	33	Urate	Urate	2.24759471502003e-15	2.26094995754127e-08
33	32	34	Urea	Urea	1.23413326933056e-13	2.26088771063942e-08
33	32	35	Vitamin_D	Vitamin D	7.50600465735804e-13	2.26059426021549e-08
34	34	1	Alanine_aminotransferase	Alanine aminotransferase	2.58110715118695e-14	3.96506699459717e-09
34	34	2	Albumin	Albumin	7.52959932463518e-10	3.21068707257842e-09
34	34	3	Alkaline_phosphatase	Alkaline phosphatase	8.59418299425019e-17	3.9652176122358e-09
34	34	4	Apolipoprotein_A	Apolipoprotein A	3.61830633197906e-14	3.96500238284781e-09
34	34	5	Apolipoprotein_B	Apolipoprotein B	8.90677988733523e-15	3.96517043182749e-09
34	34	6	Aspartate_aminotransferase	Aspartate aminotransferase	2.55733001693682e-16	3.96521710490909e-09
34	34	7	AST_ALT_ratio	AST ALT ratio	9.30938198414174e-15	3.96516112244551e-09
34	34	8	C_reactive_protein	C reactive protein	1.13743013994531e-16	3.96521749849279e-09
34	34	9	Calcium	Calcium	3.68334638098449e-16	3.96521673657446e-09
34	34	10	Cholesterol	Cholesterol	3.45998575584703e-13	3.96409680653662e-09
34	34	11	Creatinine	Creatinine	1.00363436679772e-13	3.96490201941113e-09
34	34	12	Creatinine_in_urine	Creatinine in urine	2.84286860447149e-14	3.96503856591113e-09
34	34	13	Cystatin_C	Cystatin C	9.58948516415162e-15	3.96515153296034e-09
34	34	14	Direct_bilirubin	Direct bilirubin	2.01718684850055e-13	3.9644428051122e-09
34	34	15	eGFR	eGFR	1.09447506481387e-13	3.96479257190465e-09
34	34	16	Gamma_glutamyltransferase	Gamma glutamyltransferase	5.39350058484002e-17	3.96521769817763e-09
34	34	17	Glucose	Glucose	1.54273817019842e-14	3.96511184308955e-09
34	34	18	Glycated_haemoglobin_HbA1c	Glycated haemoglobin HbA1c	1.09063588260866e-14	3.96514062660152e-09
34	34	19	HDL_cholesterol	HDL cholesterol	2.71054535786425e-15	3.96520811384145e-09
34	34	20	IGF_1	IGF 1	1.33561302646353e-14	3.96512727047125e-09
34	34	21	LDL_direct	LDL direct	4.49801494677336e-13	3.96364700504194e-09
34	34	22	Lipoprotein_A	Lipoprotein A	4.17615602299267e-17	3.96521775211264e-09
34	34	23	Microalbumin_in_urine	Microalbumin in urine	4.17417306456821e-15	3.9652011771935e-09
34	34	24	Non_albumin_protein	Non albumin protein	1.40400181261418e-09	1.80668525996424e-09
34	34	25	Phosphate	Phosphate	7.23372300767464e-15	3.96518771050682e-09
34	34	26	Potassium_in_urine	Potassium in urine	1.90374208656008e-14	3.96509280566868e-09
34	34	27	SHBG	SHBG	1.26417706023175e-15	3.9652154723974e-09
34	34	28	Sodium_in_urine	Sodium in urine	2.76247488435295e-15	3.96520535136657e-09
34	34	29	Testosterone	Testosterone	1.37850694369922e-16	3.9652173606421e-09
34	34	30	Total_bilirubin	Total bilirubin	1.48048107593409e-13	3.96464452379705e-09
34	34	31	Total_protein	Total protein	1.80668525996424e-09	0
34	34	32	Triglycerides	Triglycerides	6.23296367142761e-15	3.96519494422983e-09
34	34	33	Urate	Urate	2.50469187466996e-15	3.96521082438681e-09
34	34	34	Urea	Urea	8.37189944684482e-15	3.96517933860738e-09
34	34	35	Vitamin_D	Vitamin D	2.14331871174348e-15	3.96521332907868e-09
35	33	1	Alanine_aminotransferase	Alanine aminotransferase	1.88839802392218e-13	3.23773149408158e-09
35	33	2	Albumin	Albumin	5.55230811049846e-13	3.23694031210488e-09
35	33	3	Alkaline_phosphatase	Alkaline phosphatase	7.23477881294092e-18	3.2383728685252e-09
35	33	4	Apolipoprotein_A	Apolipoprotein A	1.53474726715454e-12	3.2341418486112e-09
35	33	5	Apolipoprotein_B	Apolipoprotein B	1.9898740986652e-11	3.20716815713822e-09
35	33	6	Aspartate_aminotransferase	Aspartate aminotransferase	1.43818782601491e-13	3.23792033388397e-09
35	33	7	AST_ALT_ratio	AST ALT ratio	1.6370000676165e-15	3.23836776418893e-09
35	33	8	C_reactive_protein	C reactive protein	5.28146835802266e-14	3.23814244104603e-09
35	33	9	Calcium	Calcium	3.52774575327757e-15	3.23835889522697e-09
35	33	10	Cholesterol	Cholesterol	1.4541480331301e-09	1.50678507789686e-09
35	33	11	Creatinine	Creatinine	2.65324198268703e-12	3.22991801804521e-09
35	33	12	Creatinine_in_urine	Creatinine in urine	3.29743554116044e-14	3.23824717933459e-09
35	33	13	Cystatin_C	Cystatin C	1.87801779397963e-14	3.23829895813245e-09
35	33	14	Direct_bilirubin	Direct bilirubin	1.26371622653168e-12	3.23567659587835e-09
35	33	15	eGFR	eGFR	2.85111992034276e-12	3.22706689812487e-09
35	33	16	Gamma_glutamyltransferase	Gamma glutamyltransferase	8.10388544163559e-17	3.23837271631581e-09
35	33	17	Glucose	Glucose	1.88044424402233e-14	3.23828015369001e-09
35	33	18	Glycated_haemoglobin_HbA1c	Glycated haemoglobin HbA1c	1.00890879999411e-14	3.23833377682722e-09
35	33	19	HDL_cholesterol	HDL cholesterol	1.85190633472345e-10	2.96093311102697e-09
35	33	20	IGF_1	IGF 1	2.7027675831047e-17	3.23837284149752e-09
35	33	21	LDL_direct	LDL direct	1.50678507789686e-09	0
35	33	22	Lipoprotein_A	Lipoprotein A	2.49171442702228e-15	3.2383652724745e-09
35	33	23	Microalbumin_in_urine	Microalbumin in urine	5.19236049792554e-14	3.23819525572962e-09
35	33	24	Non_albumin_protein	Non albumin protein	2.35951165645532e-13	3.23749554291593e-09
35	33	25	Phosphate	Phosphate	1.45323410830588e-15	3.238369401189e-09
35	33	26	Potassium_in_urine	Potassium in urine	1.0972126686954e-15	3.2383708544231e-09
35	33	27	SHBG	SHBG	2.8495017823209e-15	3.23836242297272e-09
35	33	28	Sodium_in_urine	Sodium in urine	8.49793710556044e-15	3.23834386591522e-09
35	33	29	Testosterone	Testosterone	1.60385168293574e-14	3.23831773831039e-09
35	33	30	Total_bilirubin	Total bilirubin	1.57058858329696e-12	3.2325712600279e-09
35	33	31	Total_protein	Total protein	7.82883794612598e-14	3.23806415266657e-09
35	33	32	Triglycerides	Triglycerides	6.10444126389093e-11	3.14612374449931e-09
35	33	33	Urate	Urate	6.53137464406456e-15	3.23835236385232e-09
35	33	34	Urea	Urea	4.41428609724794e-17	3.23837279735466e-09
35	33	35	Vitamin_D	Vitamin D	7.64680036787141e-16	3.23837195163577e-09
